kanji_char	word	reading	pos	en_gloss	frequency_rank	han_viet
安	安心	あんしん	n	peace of mind; relief; (sense of) security; safety; assurance; confidence	4611	an tâm
安	安静	あんせい	n	rest; quiet; repose	4612	an ?
安	安全	あんぜん	n	safety; security	4613	an toàn
安	安全保障	あんぜんほしょう	n	(guarantee of) security	4614	an toàn bảo chướng
安	安打	あんだ	n	safe hit	4615	an đả
安	安泰	あんたい	adj-na	security; stability; safety; peace	4616	an thái
安	安値	やすね	n	low price	4617	an trị
安	安定	あんてい	n	stability; steadiness; consistency; equilibrium; balance; composure	4618	an định
安	安売り	やすうり	n	bargain sale; selling cheaply; selling at a low price	4619	an ?
安	安否	あんぴ	n	safety; welfare; well-being	4620	an bĩ
安	安物	やすもの	n	cheap article; poor-quality article	4621	an vật
安	安保	あんぽ	n	security (e.g. national security)	4622	an bảo
一	一応	いちおう	n	more or less; though not quite satisfactorily; after a fashion; pretty much; roughly; so far as it goes; technically	4811	nhất ?
一	一億	いちおく	n	100,000,000; one hundred million	4812	nhất ức
一	一過	いっか	n	passing (e.g. of a typhoon); going past	4813	nhất quá
一	一回	いっかい	n	once; one time; one round; one game; one bout; one heat; one inning	4814	nhất hồi
一	一回り	ひとまわり	n	one round; one turn; a circuit (of)	4815	nhất hồi
一	一階	いっかい	n	first floor; ground floor	4816	nhất giai
一	一概に	いちがいに	adv	unconditionally; as a rule	4817	nhất ?
一	一角	いっかく	n	corner; section; point; part	4818	nhất góc
一	一括	いっかつ	n	lumping together; summing up; bundle; lump; batch	4820	nhất quát
一	一環	いっかん	n	link (e.g. in a chain of events); part (of a plan, campaign, activities, etc.)	4821	nhất ?
一	一貫	いっかん	n	consistency; coherence; integration	4822	nhất quan
一	一丸	いちがん	n	one lump; one body; one group	4823	nhất hoàn
飲	飲み水	のみみず	n	drinking water; potable water	19447	ẩm thuỷ
飲	飲み物	のみもの	n	drink; beverage	19448	ẩm vật
飲	湯飲み	ゆのみ	n	teacup	20063	thang ẩm
飲	飲み会	のみかい	n	drinking party; get-together (usu. involving alcoholic drinks)	21755	ẩm hội
右	右方	うほう	n	right side	5057	hữu phương
右	右翼	うよく	n	right wing	5058	hữu dực
右	右腕	みぎうで	n	right arm	5059	hữu oản
右	極右	きょくう	n	far right (in politics); extreme right; ultraright	7256	cực hữu
右	右側	みぎがわ	n	right side; right-hand side	18410	hữu trắc
右	右中間	うちゅうかん	n	between right and center fielders (centre)	20163	hữu trung gian
右	右クリック	みぎクリック	n	right-click	22406	hữu
雨	降雨	こうう	n	rainfall; rain	8716	giáng ?
雨	豪雨	ごうう	n	torrential rain; heavy rain; cloudburst; downpour	8813	hào ?
雨	時雨	しぐれ	n	rain shower in late autumn (fall) or early winter	9831	thì ?
雨	大雨	おおあめ	n	heavy rain; torrential rainfall; downpour	13214	đại ?
雨	梅雨入り	つゆいり	n	entering the rainy season; beginning of the rainy season	15015	mai ? nhập
雨	風雨	ふうう	n	wind and rain	16088	phong ?
雨	暴風雨	ぼうふうう	n	rainstorm; storm	16711	bạo phong ?
雨	霧雨	きりさめ	n	drizzle; light rain	17101	vụ ?
雨	雷雨	らいう	n	thunderstorm; thundershower	17711	lôi ?
雨	雨水	あまみず	n	rain water	18411	? thuỷ
雨	梅雨	つゆ	n	(East Asian) rainy season (in Japan, usu. from early June to mid-July)	18691	mai ?
雨	雨垂れ	あまだれ	n	raindrops (dripping from eaves, branches, etc.)	18838	? thùy
円	円卓	えんたく	n	round table	5184	? trác
円	円柱	えんちゅう	n	column; shaft; cylinder	5185	? trụ
円	円筒	えんとう	n	cylinder	5186	? đồng
円	円盤	えんばん	n	disk; discus; platter	5187	? bàn
円	円満	えんまん	adj-na	harmonious; peaceful; happy; amicable; smooth; free from trouble	5188	? ?
円	円み	まるみ	n	roundness; rotundity	6456	?
円	１０００円	せんえん	n	1000 yen	12379	?
円	楕円	だえん	n	ellipse; oval	13063	? ?
円	円滑	えんかつ	adj-na	smooth; undisturbed; uninterrupted; harmonious	18416	? gột
円	円形	えんけい	n	round shape; circle; circular form	18417	? hình
円	円い	まるい	adj-i	round; circular; spherical	19621	?
円	楕円形	だえんけい	n	elliptical shape; oval shape	19889	? ? hình
下	下さい	ください	exp	please (give me)	5405	hạ
下	下さる	くださる	v5aru	to give; to confer; to bestow	5406	hạ
下	下す	くだす	v5s	to make a decision; to draw a conclusion	5407	hạ
下	下っ腹	したっぱら	n	abdomen; stomach; under parts	5408	hạ phục
下	下らない	くだらない	adj-i	trivial; trifling; insignificant; not worth bothering with; worthless; useless; good-for-nothing	5409	hạ
下	下り	くだり	n	down-train; train heading toward the ending point of its route	5410	hạ
下	下り坂	くだりざか	n	downhill; downward slope; descent	5411	hạ phẳng
下	下る	くだる	v5r	to descend; to go down; to come down	5412	hạ
下	下位	かい	n	low rank; lower position; subordinate position; lower order (e.g. byte)	5413	hạ vị
下	下院	かいん	n	lower house; lower legislative chamber	5414	hạ viện
下	下界	げかい	n	the earth below; the ground below	5416	hạ giới
下	下期	しもき	n	second half of the (fiscal) year	5417	hạ kì
何	何て	なんて	adj-f	how ...!; what ...!	5473	?
何	何と	なんと	adv	what; how	5474	?
何	何とか	なんとか	exp	something; something or other; so-and-so	5475	?
何	何という	なんという	exp	how (beautiful, etc.); what a ...	5476	?
何	何も	なにも	exp	(not) anything; (nothing) at all; (not) any; nothing	5477	?
何	何やら	なにやら	adv	something; some kind of	5478	?
何	何より	なにより	exp	above anything else; above all; more than anything	5479	?
何	何回	なんかい	n	how many times	5481	? hồi
何	何気なく	なにげなく	exp	unintentionally; calmly; inadvertently; innocently	5482	? ?
何	何とも	なんとも	adv	really; very; extremely; terribly; awfully	5483	?
何	何歳	なんさい	n	how old; what age	5484	? tuế
何	何事	なにごと	n	what; what sort of thing	5485	? sự
火	火事	かじ	n	fire; conflagration	5625	hoả sự
火	火種	ひだね	n	live coals (for firelighting)	5626	hoả chõng
火	火星	かせい	n	Mars (planet)	5627	hoả tinh
火	火葬	かそう	n	cremation	5628	hoả táng
火	火鉢	ひばち	n	brazier; hibachi	5629	hoả ?
火	火薬	かやく	n	gunpowder; powder	5630	hoả ?
火	火曜	かよう	n	Tuesday	5631	hoả ?
火	火力	かりょく	n	heating power; thermal power	5633	hoả lực
火	口火	くちび	n	fuse; pilot light	8451	khẩu hoả
火	山火事	やまかじ	n	forest fire; wildfire; bushfire	9354	sơn hoả sự
火	出火	しゅっか	n	outbreak of fire	10656	xuất hoả
火	消火	しょうか	n	extinguishing a fire; fire fighting	11064	tiêu hoả
花	花盛り	はなざかり	n	flowers in full bloom; time of year in which flowers are in full bloom	5647	hoa thịnh
花	花束	はなたば	n	bunch of flowers; bouquet	5648	hoa thút
花	花鳥	かちょう	n	flowers and birds	5649	hoa điểu
花	花瓶	かびん	n	(flower) vase	5651	hoa bình
花	花粉	かふん	n	pollen	5652	hoa phấn
花	花粉症	かふんしょう	n	hay fever; pollinosis (allergy to pollen)	5653	hoa phấn chứng
花	花婿	はなむこ	n	bridegroom	5654	hoa ?
花	花輪	はなわ	n	wreath; garland	5655	hoa luân
花	開花	かいか	n	flowering; blooming; blossoming; coming into bloom	5913	khai hoa
花	紫陽花	あじさい	n	bigleaf hydrangea (Hydrangea macrophylla); French hydrangea	9684	tía dương hoa
花	雌花	めばな	n	female flower; pistillate flower	9745	thư hoa
花	草花	くさばな	n	flower; flowering plant	12809	thảo hoa
会	会員	かいいん	n	member; the membership	5733	hội viên
会	会期	かいき	n	session (of a legislature)	5734	hội kì
会	会議	かいぎ	n	meeting; conference; session; assembly; council; convention; congress	5735	hội nghị
会	会議室	かいぎしつ	n	conference room; council room	5736	hội nghị thất
会	会計	かいけい	n	accounting; finance; account; reckoning	5737	hội kể
会	会計士	かいけいし	n	accountant	5738	hội kể sĩ
会	会合	かいごう	n	meeting; assembly; gathering	5741	hội hợp
会	会釈	えしゃく	n	slight bow (as a greeting or sign of gratitude); nod; salutation	5744	hội ?
会	会場	かいじょう	n	assembly hall; meeting place; venue; site; grounds	5745	hội trường
会	会心	かいしん	n	congeniality; satisfaction; gratification	5747	hội tâm
会	会則	かいそく	n	society regulations; club regulations; constitution	5748	hội tắc
会	会談	かいだん	n	talks (i.e. formal discussions); conference; meeting	5749	hội đàm
外	外	そと	n	outside; exterior	5948	ngoại
外	外す	はずす	v5s	to remove; to take off; to detach; to unfasten; to undo	5950	ngoại
外	外れ	はずれ	n	end; verge; extremity; tip; outskirts	5952	ngoại
外	外れる	はずれる	v1	to be disconnected; to get out of place; to be off; to be out (e.g. of gear)	5953	ngoại
外	外圧	がいあつ	n	external pressure; outside pressure; foreign pressure	5954	ngoại ?
外	外科	げか	n	surgery (branch of medicine)	5955	ngoại khoa
外	外科医	げかい	n	surgeon	5956	ngoại khoa ?
外	外貨	がいか	n	foreign currency; foreign money; foreign exchange	5957	ngoại hoá
外	外角	がいかく	n	external angle; exterior angle	5958	ngoại góc
外	外郭	がいかく	n	outer fence; outer enclosure; outer block	5959	ngoại quách
外	外郭団体	がいかくだんたい	n	auxiliary organization (organisation); extra-departmental body; fringe organization	5960	ngoại quách ? thể
外	外観	がいかん	n	outward appearance; exterior appearance; outward show; looks	5961	ngoại ?
学	科学技術庁	かがくぎじゅつちょう	n	Science and Technology Agency (1956-2001)	5588	khoa ? kĩ thuật ?
学	科学者	かがくしゃ	n	scientist	5589	khoa ? ?
学	科学的	かがくてき	adj-na	scientific	5590	khoa ? đích
学	解剖学	かいぼうがく	n	anatomy	5777	giải bo ?
学	学ぶ	まなぶ	v5b	to learn; to study; to take lessons in	6083	?
学	学位	がくい	n	(academic) degree	6084	? vị
学	学院	がくいん	n	institute; academy	6085	? viện
学	学園	がくえん	n	educational institution; school; academy; campus	6086	? viên
学	学科	がっか	n	subject (of study); course of study	6087	? khoa
学	学会	がっかい	n	learned society; scientific society; academy; academic meeting; academic conference	6088	? hội
学	学界	がっかい	n	academic world; academia; academic circles; scientific world; learned circles	6089	? giới
学	学割	がくわり	n	student discount	6090	? cắt
間	何時間	なんじかん	exp	how many hours	5491	? thì gian
間	夏時間	なつじかん	n	daylight saving time; daylight savings time; summer time	5545	? thì gian
間	間	あいだ	n	space (between); gap; interval; distance; stretch	6409	gian
間	間	ま	n	time; pause	6410	gian
間	間に合う	まにあう	v5u	to be in time (for)	6411	gian hợp
間	間もなく	まもなく	adv	soon; shortly; before long; in a short time; in a little while	6412	gian
間	間違い	まちがい	n	mistake; error; blunder	6413	gian vi
間	間違える	まちがえる	v1	to make a mistake (in); to commit an error; to get wrong; to do incorrectly	6414	gian vi
間	間一髪	かんいっぱつ	n	hair's breadth	6415	gian nhất ?
間	間隔	かんかく	n	space; interval	6416	gian cách
間	間近	まぢか	adj-na	near; close (to); nearby	6417	gian cận
間	間際	まぎわ	n	the point just before ...; the point of (doing); the verge (of); the eve (of)	6419	gian ?
気	英気	えいき	n	great wisdom; excellent disposition	5143	anh ?
気	何気なく	なにげなく	exp	unintentionally; calmly; inadvertently; innocently	5482	? ?
気	外気	がいき	n	open air	5962	ngoại ?
気	活気	かっき	n	energy; vigour; vigor; liveliness; spirit; life; animation	6158	hoạt ?
気	寒気	さむけ	n	chill; the shivers; shivering fit	6212	hàn ?
気	換気	かんき	n	ventilation	6301	? ?
気	換気扇	かんきせん	n	ventilation fan; extractor fan	6302	? ? phiến
気	気	き	n	spirit; mind; heart	6632	?
気	気のせい	きのせい	exp	(just) one's imagination	6634	?
気	気の毒	きのどく	adj-na	pitiful; unfortunate; poor; miserable; wretched	6635	? độc
気	気まま	きまま	adj-na	willful; wilful; selfish; self-centered; egoistic	6636	?
気	気圧	きあつ	n	atmospheric pressure; air pressure	6637	? ?
休	休める	やすめる	v1	to rest; to suspend; to give relief	6870	hưu
休	休暇	きゅうか	n	holiday; vacation; day off; time off; leave; furlough	6871	hưu hạ
休	休学	きゅうがく	n	temporary absence from school	6872	hưu ?
休	休刊	きゅうかん	n	suspension of publication	6873	hưu san
休	休業	きゅうぎょう	n	suspension of business; temporary closure (of a store, school, etc.); shutdown; holiday	6874	hưu nghiệp
休	休憩	きゅうけい	n	rest; break; recess; intermission	6875	hưu ?
休	休憩時間	きゅうけいじかん	n	rest period; intermission; break time; recess	6876	hưu ? thì gian
休	休憩所	きゅうけいじょ	n	rest area; rest stop; service area (next to a highway); service station; parking area	6877	hưu ? sỡ
休	休講	きゅうこう	n	cancellation (of a lecture, class, etc.)	6879	hưu giảng
休	休止	きゅうし	n	pause; suspension; rest; stoppage	6880	hưu chỉ
休	休場	きゅうじょう	n	(temporary) closure (of a theater, entertainment venue, etc.)	6881	hưu trường
休	休職	きゅうしょく	n	temporary retirement; leave of absence; suspension from office	6882	hưu chức
魚	金魚	きんぎょ	n	goldfish (Carassius auratus)	7341	kim ngư
魚	鮮魚	せんぎょ	n	fresh fish	12518	tiên ngư
魚	稚魚	ちぎょ	n	fry; juvenile fish; fingerling	13578	? ngư
魚	熱帯魚	ねったいぎょ	n	tropical fish	15060	nhiệt ? ngư
魚	魚	さかな	n	fish	18463	ngư
金	貴金属	ききんぞく	n	precious metal	6714	quý kim ?
金	義援金	ぎえんきん	n	donation money (esp. disaster relief or charity); contribution	6792	nghĩa viện kim
金	金	かね	n	money	7336	kim
金	金	きん	n	gold (metal)	7337	kim
金	金貨	きんか	n	gold coin	7338	kim hoá
金	金塊	きんかい	n	gold nugget; gold bullion; gold bar; gold ingot	7339	kim khối
金	金額	きんがく	n	amount of money; sum	7340	kim ngạch
金	金魚	きんぎょ	n	goldfish (Carassius auratus)	7341	kim ngư
金	金具	かなぐ	n	metal fittings; metal fixtures	7342	kim cụ
金	金庫	きんこ	n	safe; strongbox; cashbox; vault; strongroom	7343	kim kho
金	金持ち	かねもち	n	rich person; wealthy person	7344	kim trì
金	金星	きんせい	n	Venus (planet)	7345	kim tinh
九	九十	きゅうじゅう	num	ninety; 90	18472	cửu thập
九	一一九番	ひゃくじゅうきゅうばん	n	119 (ambulance and fire brigade emergency telephone number in Japan)	19537	nhất nhất cửu phan
九	千九百年代	せんきゅうひゃくねんだい	n	the 1900s	21479	thiên cửu bá nên đại
九	北九州	きたきゅうしゅう	n	Kitakyushu (city)	22081	? cửu châu
九	十九日	じゅうくにち	n	19th day of the month	22313	thập cửu nhật
九	二十九日	にじゅうくにち	n	29th day of the month	22332	nhì thập cửu nhật
空	空しい	むなしい	adj-i	empty; void; vacant	7433	không
空	空っぽ	からっぽ	adj-no	empty; vacant; hollow	7434	không
空	空間	くうかん	n	space; room; airspace	7435	không gian
空	空気	くうき	n	air; atmosphere	7436	không ?
空	空虚	くうきょ	n	emptiness; hollowness; vacancy; void	7437	không hư
空	空軍	くうぐん	n	air force	7438	không quân
空	空港	くうこう	n	airport	7439	không cảng
空	空手	からて	n	karate	7441	không thủ
空	空襲	くうしゅう	n	air-raid	7442	không tập
空	空席	くうせき	n	empty seat; unoccupied seat	7443	không ?
空	空疎	くうそ	adj-na	empty (e.g. argument); insubstantial; hollow; fruitless	7445	không ?
空	空想	くうそう	n	daydream; fantasy; fancy; vision	7446	không tưởng
月	月刊	げっかん	n	monthly publication; monthly issue	7776	nguyệt san
月	月間	げっかん	n	month-long period; month	7777	nguyệt gian
月	月給	げっきゅう	n	monthly salary	7778	nguyệt cấp
月	月経	げっけい	n	menstruation; menstrual period	7779	nguyệt ?
月	月見	つきみ	n	moon viewing (esp. during the eight month of the lunar calendar)	7780	nguyệt kiến
月	月光	げっこう	n	moonlight; moonbeam	7781	nguyệt quang
月	月謝	げっしゃ	n	monthly tuition fee	7782	nguyệt tạ
月	月収	げっしゅう	n	monthly income	7783	nguyệt ?
月	月初め	つきはじめ	n	beginning of the month	7784	nguyệt sơ
月	月食	げっしょく	n	lunar eclipse	7785	nguyệt ?
月	月日	つきひ	n	time; years; days; (one's) life	7786	nguyệt nhật
月	月賦	げっぷ	n	monthly installment (instalment); monthly payment	7787	nguyệt phú
見	記者会見	きしゃかいけん	n	press conference; news conference	6705	kí ? hội kiến
見	形見	かたみ	n	memento (esp. of a deceased person); keepsake; heirloom; remembrance; souvenir	7552	hình kiến
見	月見	つきみ	n	moon viewing (esp. during the eight month of the lunar calendar)	7780	nguyệt kiến
見	見出す	みいだす	v5s	to find out; to discover; to notice; to detect	7904	kiến xuất
見	見える	みえる	v1	to be seen; to be visible; to be in sight	7905	kiến
見	見せびらかす	みせびらかす	v5s	to show off; to flaunt	7906	kiến
見	見せる	みせる	v1	to show; to display	7907	kiến
見	見せ掛け	みせかけ	n	seeming; pose; show; pretense; sham; mock	7908	kiến quẩy
見	見る	みる	v1	to see; to look; to watch; to view; to observe	7910	kiến
見	見違える	みちがえる	v1	to mistake (for something or someone else); to be unable to recognize	7911	kiến vi
見	見下す	みくだす	v5s	to look down (on); to condescend (to)	7912	kiến hạ
見	見下ろす	みおろす	v5s	to overlook; to command a view of; to look down on	7913	kiến hạ
言	言い回し	いいまわし	n	expression; phraseology	8083	ngôn hồi
言	言い出す	いいだす	v5s	to begin to say; to start talking; to broach (a matter); to bring up; to come out with	8084	ngôn xuất
言	言い切る	いいきる	v5r	to declare; to assert; to state definitively	8085	ngôn thiết
言	言い渡す	いいわたす	v5s	to announce; to tell; to sentence; to order	8086	ngôn đò
言	言い表す	いいあらわす	v5s	to express (in words)	8087	ngôn biểu
言	言い分	いいぶん	n	one's say; one's point; one's case; one's claim	8088	ngôn phân
言	言い返す	いいかえす	v5s	to talk back; to answer back; to retort; to reply; to respond	8089	ngôn phản
言	言い方	いいかた	n	way of saying (something); way of putting it; wording; phrasing; language; expression	8090	ngôn phương
言	言うまでもない	いうまでもない	exp	goes without saying; needless to say; obvious	8091	ngôn
言	言わば	いわば	adv	so to speak; so to call it; as it were	8092	ngôn
言	言及	げんきゅう	n	reference; allusion	8093	ngôn cập
言	言語	げんご	n	language	8094	ngôn ngữ
古	古城	こじょう	n	old castle; old fortress	8126	cổ thành
古	古巣	ふるす	n	old haunts; former homes	8127	cổ ?
古	古代	こだい	n	ancient times; distant past; antiquity	8128	cổ đại
古	古着	ふるぎ	n	old clothes; secondhand clothing	8129	cổ ?
古	古典	こてん	n	classic (work, esp. book); the classics	8130	cổ điển
古	古典的	こてんてき	adj-na	classical; classic	8131	cổ điển đích
古	古都	こと	n	ancient city; former capital	8132	cổ đô
古	古風	こふう	adj-na	old-fashioned; archaic; antique; antiquated	8133	cổ phong
古	古墳	こふん	n	ancient burial mound; barrow; tumulus	8134	cổ phần
古	古本屋	ふるほんや	n	secondhand bookshop; secondhand bookstore; secondhand bookseller	8135	cổ bản ốc
古	古来	こらい	adv	from ancient times; from old times; from time immemorial	8136	cổ ?
古	考古学	こうこがく	n	archaeology; archeology	8648	khảo cổ ?
五	五分	ごぶ	n	half; 50%	8214	ngũ phân
五	四捨五入	ししゃごにゅう	n	rounding (off; a number); rounding half away from zero	9500	tứ xả ngũ nhập
五	十五	じゅうご	num	fifteen; 15	10548	thập ngũ
五	五輪	ごりん	n	Olympic Games; Olympics	19151	ngũ luân
五	五十	ごじゅう	num	fifty; 50	20967	ngũ thập
五	十五日	じゅうごにち	n	15th day of the month	22216	thập ngũ nhật
五	二十五日	にじゅうごにち	n	25th day of the month	22328	nhì thập ngũ nhật
後	後援	こうえん	n	support; backing	8237	hậu viện
後	後押し	あとおし	n	pushing; support; backing; supporter; backer	8238	hậu áp
後	後回し	あとまわし	n	putting off; postponing	8239	hậu hồi
後	後悔	こうかい	n	regret; repentance; remorse	8240	hậu hối
後	後期	こうき	n	latter period; second half; late stage; third trimester; second semester	8241	hậu kì
後	後継	こうけい	n	succession	8242	hậu ?
後	後見	こうけん	n	guardianship; guardian	8243	hậu kiến
後	後ろ向き	うしろむき	adj-na	back-facing; backwards	8244	hậu hướng
後	後妻	ごさい	n	second wife	8245	hậu thê
後	後始末	あとしまつ	n	settlement (of a matter); sorting out; winding up (affairs); dealing with the aftermath	8246	hậu thuỷ mạt
後	後者	こうしゃ	n	the latter; the second	8247	hậu ?
後	後手	ごて	n	losing initiative; being forestalled	8248	hậu thủ
語	外国語	がいこくご	n	foreign language	5967	ngoại ? ngữ
語	漢語	かんご	n	Japanese word of Chinese origin; Sino-Japanese word	6316	hán ngữ
語	韓国語	かんこくご	n	Korean (language; esp. as spoken in South Korea)	6451	? ? ngữ
語	季語	きご	n	seasonal word (in haiku)	6684	quí ngữ
語	共通語	きょうつうご	n	common language; lingua franca	7076	cộng thông ngữ
語	敬語	けいご	n	honorific; term of respect; polite expression; honorific language	7583	kính ngữ
語	言語	げんご	n	language	8094	ngôn ngữ
語	語	ご	n	word; term	8294	ngữ
語	語らう	かたらう	v5u	to talk; to tell; to recite; to pledge; to conspire with	8295	ngữ
語	語り	かたり	n	talk; recital	8296	ngữ
語	語り手	かたりて	n	narrator; storyteller; reciter	8298	ngữ thủ
語	語る	かたる	v5r	to talk about; to speak of; to tell; to narrate	8299	ngữ
口	口	くち	n	mouth	8449	khẩu
口	口コミ	くちコミ	n	word of mouth	8450	khẩu
口	口火	くちび	n	fuse; pilot light	8451	khẩu hoả
口	口径	こうけい	n	aperture; bore; calibre; caliber	8452	khẩu ?
口	口語	こうご	n	spoken language; colloquial speech	8453	khẩu ngữ
口	口紅	くちべに	n	lipstick	8454	khẩu hồng
口	口座	こうざ	n	account (e.g. bank)	8455	khẩu toà
口	口止め	くちどめ	n	forbidding mentioning (something to others); imposing silence (on); ordering (someone) to keep quiet; muzzling (someone); gagging; hushing up	8456	khẩu chỉ
口	口実	こうじつ	n	excuse; pretext	8457	khẩu ?
口	口出し	くちだし	n	meddling (in); butting in; interference; poking one's nose into	8458	khẩu xuất
口	口述	こうじゅつ	n	dictation; verbal statement	8459	khẩu thuật
口	口上	こうじょう	n	vocal message; speech; statement	8460	khẩu thượng
校	校則	こうそく	n	school rules; school regulations	8581	chò tắc
校	校長	こうちょう	n	principal; head teacher; headmaster; headmistress	8582	chò trường
校	校庭	こうてい	n	schoolyard; school playground; school grounds; campus	8583	chò đình
校	校内	こうない	n	within a school	8584	chò nội
校	校門	こうもん	n	school gate	8585	chò môn
校	高校	こうこう	n	senior high school; high school	8748	cao chò
校	高校生	こうこうせい	n	senior high school student	8749	cao chò sinh
校	高等学校	こうとうがっこう	n	senior high school; high school	8765	cao đẳng ? chò
校	将校	しょうこう	n	commissioned officer; military officer	10972	? chò
校	小学校	しょうがっこう	n	primary school; elementary school; grade school	10981	tiểu ? chò
校	全校	ぜんこう	n	the whole school	12579	toàn chò
校	中学校	ちゅうがっこう	n	junior high school; middle school; lower secondary school	13649	trung ? chò
行	慣行	かんこう	n	customary practice; habit; traditional event	6297	quen hàng
行	敢行	かんこう	n	decisive action; going through with; daring to do; carrying out	6306	cám hàng
行	紀行	きこう	n	traveller's journal; traveler's journal; travelogue	6690	kỉ hàng
行	急行	きゅうこう	n	hurrying (to somewhere); rushing; hastening	6910	cấp hàng
行	強行	きょうこう	n	forcing (e.g. a vote); carrying out (forcibly); pushing ahead (with); enforcement	7122	càng hàng
行	興行	こうぎょう	n	show; performance; act	7202	hưng hàng
行	銀行	ぎんこう	n	bank; banking institution	7361	ngân hàng
行	現行	げんこう	n	present; current; in operation	8068	hiện hàng
行	孝行	こうこう	n	filial piety	8498	hiếu hàng
行	航行	こうこう	n	cruise; navigation; sailing	8660	hàng hàng
行	行	ぎょう	n	line (of text); row; verse	8670	hàng
行	行き届く	いきとどく	v5k	to be scrupulous; to be attentive; to be prudent; to be complete; to be thorough	8672	hàng ?
高	高位	こうい	adj-na	dignity; eminent; high ranking	8734	cao vị
高	高温	こうおん	n	high temperature	8735	cao ồn
高	高音	こうおん	n	high-pitched tone; soprano	8736	cao âm
高	高価	こうか	adj-na	highly priced; expensive; valuable; costly	8737	cao ?
高	高架	こうか	adj-no	elevated (structure); overhead	8738	cao giá
高	高額	こうがく	n	large sum (of money); large amount	8739	cao ngạch
高	高官	こうかん	n	high official	8740	cao quan
高	高気圧	こうきあつ	n	high (atmospheric) pressure; high-pressure system; high-pressure zone; anticyclone	8741	cao ? ?
高	高級	こうきゅう	adj-na	high-class; high-grade; high-quality; high-end; luxury	8742	cao cấp
高	高給	こうきゅう	n	high salary	8743	cao cấp
高	高潔	こうけつ	adj-na	noble; lofty; high-minded; virtuous; upright	8744	cao khiết
高	高血圧	こうけつあつ	n	high blood pressure; hypertension	8745	cao huyết ?
国	外国語	がいこくご	n	foreign language	5967	ngoại ? ngữ
国	外国人	がいこくじん	n	foreigner; foreign citizen; foreign national; alien; non-Japanese	5968	ngoại ? nhân
国	各国	かっこく	n	each country; every country; various countries; all countries	6019	các ?
国	韓国	かんこく	n	South Korea; Republic of Korea	6450	? ?
国	韓国語	かんこくご	n	Korean (language; esp. as spoken in South Korea)	6451	? ? ngữ
国	帰国	きこく	n	return to one's country	6626	? ?
国	共和国	きょうわこく	n	republic; commonwealth	7088	cộng hoà ?
国	強国	きょうこく	n	strong nation; powerful country	7123	càng ?
国	軍国主義	ぐんこくしゅぎ	n	militarism	7509	quân ? chúa nghĩa
国	建国	けんこく	n	founding of a nation	7835	kiến ?
国	故国	ここく	n	one's native land	8174	cố ?
国	国営	こくえい	n	government management; state management	8833	? ?
今	今期	こんき	n	the present term; the present session	8933	kim kì
今	今月	こんげつ	n	this month	8934	kim nguyệt
今	今後	こんご	n	from now on; hereafter	8935	kim hậu
今	今更	いまさら	adv	now (when it is already much too late); at this stage	8936	kim canh
今	今頃	いまごろ	n	about this time; about now	8937	kim khoảnh
今	今時	いまどき	n	these days; nowadays; today; present age; modern times	8938	kim thì
今	今秋	こんしゅう	n	this autumn; this fall; autumn of this year	8939	kim thu
今	今春	こんしゅん	n	this spring; spring this year	8941	kim ?
今	今宵	こよい	n	this evening; tonight	8942	kim ?
今	今度	こんど	n	this time; now	8943	kim độ
今	今日は	こんにちは	int	hello; good day; good afternoon	8944	kim nhật
今	今日的	こんにちてき	adj-na	modern; up-to-date	8945	kim nhật đích
左	左前	ひだりまえ	n	wearing a kimono with the right side over the left (normally used only for the dead)	9004	tả tiền
左	左派	さは	n	left wing	9006	tả phái
左	左翼	さよく	n	left wing	9008	tả dực
左	左側	ひだりがわ	n	left side; left-hand side	18521	tả trắc
左	左利き	ひだりきき	n	left-handedness; left-handed person; left-hander	19519	tả lợi
左	左腕	ひだりうで	n	left arm	20262	tả oản
左	向かって左	むかってひだり	exp	on the left as one faces (it)	21513	hướng tả
三	三省	さんせい	n	frequent reflection; frequent meditation	9311	tam tỉnh
三	三振	さんしん	n	strikeout	9312	tam chấn
三	三人	さんにん	n	three people	9313	tam nhân
三	三選	さんせん	n	third-term election	9315	tam tuyển
三	三日	みっか	n	3rd day of the month	9317	tam nhật
三	三日月	みかづき	n	crescent moon; young moon	9318	tam nhật nguyệt
三	三本	さんぼん	n	three (long cylindrical things)	9320	tam bản
三	三枚	さんまい	n	three flat objects (sheets of paper, pieces of cloth, etc.)	9321	tam mai
三	三役	さんやく	n	three highest ranks (wrestling, unions, etc.)	9322	tam dịch
三	三流	さんりゅう	adj-no	third-rate; third-class	9323	tam lưu
三	三輪	さんりん	n	three wheels	9324	tam luân
三	三塁	さんるい	n	third base	9325	tam ?
山	山葵	わさび	n	wasabi (Wasabia japonica); Japanese horseradish	9351	sơn quỳ
山	山陰	やまかげ	n	place in the shade of a mountain; shelter of the mountains	9352	sơn âm
山	山奥	やまおく	n	deep in the mountains; mountain recesses	9353	sơn ?
山	山火事	やまかじ	n	forest fire; wildfire; bushfire	9354	sơn hoả sự
山	山岳	さんがく	n	mountain chain; mountains	9355	sơn ?
山	山間	さんかん	n	among the mountains	9356	sơn gian
山	山菜	さんさい	n	edible wild plants	9357	sơn ?
山	山寺	やまでら	n	mountain temple	9358	sơn ?
山	山荘	さんそう	n	mountain villa; mountain retreat; mountain cottage	9361	sơn ?
山	山賊	さんぞく	n	bandit; brigand	9362	sơn tặc
山	山地	さんち	n	mountainous region; mountainous district; hilly district	9363	sơn địa
山	山頂	さんちょう	n	summit (of a mountain)	9364	sơn đính
四	四国	しこく	n	Shikoku (smallest of the four main islands of Japan)	9497	tứ ?
四	四肢	しし	n	the (four) limbs; arms and legs	9498	tứ chi
四	四時	よじ	n	four o'clock	9499	tứ thì
四	四捨五入	ししゃごにゅう	n	rounding (off; a number); rounding half away from zero	9500	tứ xả ngũ nhập
四	四重奏	しじゅうそう	n	instrumental quartet	9501	tứ trọng tấu
四	四日	よっか	n	4th day of the month	9503	tứ nhật
四	四方	しほう	n	the four cardinal directions; north, east, south and west; all directions	9505	tứ phương
四	四輪車	よんりんしゃ	n	automobile; car	9506	tứ luân xa
四	真四角	ましかく	adj-no	square	11539	chân tứ góc
四	二十四時間制	にじゅうよじかんせい	n	around-the-clock system	14896	nhì thập tứ thì gian chế
四	四	し	num	four; 4	18533	tứ
四	十四	じゅうし	num	fourteen; 14	18552	thập tứ
子	茄子	なす	n	eggplant (Solanum melongena); aubergine	5657	nhà tí
子	菓子	かし	n	confectionery; sweets; candy; cake	5667	? tí
子	菓子屋	かしや	n	confectionery shop; candy store; sweet shop	5668	? tí ốc
子	辛子	からし	n	mustard	5906	tân tí
子	格子	こうし	n	lattice; latticework; window bars; grid; grating; trellis	6030	cách tí
子	教え子	おしえご	n	one's student (esp. a former one); one's pupil; one's disciple	7153	giáo tí
子	君子	くんし	n	man of virtue; wise man; (true) gentleman	7488	quân tí
子	原子	げんし	n	atom	8003	nguyên tí
子	原子核	げんしかく	n	nucleus; atomic nucleus	8004	nguyên tí hạch
子	原子力	げんしりょく	n	atomic energy; nuclear power	8005	nguyên tí lực
子	原子炉	げんしろ	n	atomic reactor; nuclear reactor	8006	nguyên tí ?
子	公子	こうし	n	young nobleman	8382	công tí
時	何時も	いつも	adv	always; all the time; at all times	5490	? thì
時	何時間	なんじかん	exp	how many hours	5491	? thì gian
時	何時頃	いつごろ	n	about when; about what time; how soon	5492	? thì khoảnh
時	夏時間	なつじかん	n	daylight saving time; daylight savings time; summer time	5545	? thì gian
時	学生時代	がくせいじだい	n	student days	6104	? sinh thì đại
時	休憩時間	きゅうけいじかん	n	rest period; intermission; break time; recess	6876	hưu ? thì gian
時	現時点	げんじてん	n	present point (i.e. in history); at the present time	8070	hiện thì điểm
時	江戸時代	えどじだい	n	Edo period (1603-1868)	8598	giang ? thì đại
時	今時	いまどき	n	these days; nowadays; today; present age; modern times	8938	kim thì
時	砂時計	すなどけい	n	hourglass; sandglass	9032	? thì kể
時	４時	よじ	n	four o'clock	9499	thì
時	時	とき	n	time; hour; moment	9829	thì
七	十七	じゅうなな	num	seventeen; 17	18553	thập thất
七	二七日	ふたなぬか	n	second week's memorial services	18676	nhì thất nhật
七	七七日	しちしちにち	n	49th day after death	19181	thất thất nhật
七	十七日	じゅうしちにち	n	17th day of the month	22323	thập thất nhật
七	二十七日	にじゅうしちにち	n	27th day of the month	22330	nhì thập thất nhật
七	七時	しちじ	n	seven o'clock	22461	thất thì
社	航空会社	こうくうがいしゃ	n	airline company	8655	hàng không hội xã
社	子会社	こがいしゃ	n	subsidiary (company)	9524	tí hội xã
社	支社	ししゃ	n	branch office	9613	chi xã
社	自社	じしゃ	n	one's company; company one works for	9911	tự xã
社	社員	しゃいん	n	company employee	10102	xã viên
社	社会	しゃかい	n	society; public; community; the world	10103	xã hội
社	社会科学	しゃかいかがく	n	social science	10104	xã hội khoa ?
社	社会学	しゃかいがく	n	sociology	10105	xã hội ?
社	社会主義	しゃかいしゅぎ	n	socialism	10106	xã hội chúa nghĩa
社	社会人	しゃかいじん	n	working adult; full-fledged member of society	10107	xã hội nhân
社	社会党	しゃかいとう	n	Socialist Party	10108	xã hội ?
社	社会福祉	しゃかいふくし	n	social welfare	10109	xã hội phúc ?
車	号車	ごうしゃ	suf	suffix for train car numbers	8777	hiệu xa
車	四輪車	よんりんしゃ	n	automobile; car	9506	tứ luân xa
車	歯車	はぐるま	n	gear; cogwheel	9758	? xa
車	自転車	じてんしゃ	n	bicycle; bike	9933	tự ? xa
車	自動車	じどうしゃ	n	car; automobile; motorcar; motor vehicle; auto	9937	tự động xa
車	車	くるま	n	car; automobile; vehicle	10126	xa
車	車椅子	くるまいす	n	wheelchair	10127	xa ? tí
車	車検	しゃけん	n	vehicle inspection	10128	xa ?
車	車庫	しゃこ	n	garage; carport; depot (for trains, buses, etc.); shed; carbarn	10129	xa kho
車	車軸	しゃじく	n	axle	10130	xa trục
車	車種	しゃしゅ	n	car model	10131	xa chõng
車	車掌	しゃしょう	n	(train) conductor	10132	xa ?
手	王手	おうて	n	check	5338	vương thủ
手	下手	したて	n	humble position; inferior	5427	hạ thủ
手	下手	へた	adj-na	unskillful; poor; awkward	5428	hạ thủ
手	下手投げ	したてなげ	n	underhand throw	5429	hạ thủ đầu
手	下手くそ	へたくそ	adj-na	unskilled; clumsy; lousy; poor; awkward; shitty	5430	hạ thủ
手	歌手	かしゅ	n	singer	5607	ca thủ
手	外野手	がいやしゅ	n	outfielder	5988	ngoại dã thủ
手	旗手	きしゅ	n	standard-bearer; flag-bearer	6574	cờ thủ
手	騎手	きしゅ	n	horseman; rider; jockey	6748	kị thủ
手	苦手	にがて	adj-na	poor (at); weak (in); not very good (at)	7394	khổ thủ
手	空手	からて	n	karate	7441	không thủ
手	決め手	きめて	n	decider; person who decides	7723	quyết thủ
週	先週	せんしゅう	n	last week; the week before	12355	tiên chu
週	前週	ぜんしゅう	n	last week; the week before	12532	tiền chu
週	翌週	よくしゅう	n	the following week; the next week	17688	? chu
週	来週	らいしゅう	n	next week	17701	? chu
週	隔週	かくしゅう	adv	every other week; every two weeks	19763	cách chu
週	週休	しゅうきゅう	n	weekly holiday	19865	chu hưu
週	週内	しゅうない	n	by the end of this week; within the week	20878	chu nội
週	週明け	しゅうあけ	n	beginning of next week (usu. Monday); early next week	20879	chu minh
週	今週末	こんしゅうまつ	n	this weekend	21904	kim chu mạt
十	十月	じゅうがつ	n	October	10547	thập nguyệt
十	十五	じゅうご	num	fifteen; 15	10548	thập ngũ
十	十三	じゅうさん	num	thirteen; 13	10549	thập tam
十	十字	じゅうじ	n	cross; cross shape	10550	thập tự
十	十字架	じゅうじか	n	cross (for crucifixion); the Cross (of Christ)	10551	thập tự giá
十	十字路	じゅうじろ	n	crossroads; intersection	10552	thập tự lộ
十	十日	とおか	n	10th day of the month	10556	thập nhật
十	十分	じゅうぶん	adj-na	enough; sufficient; plenty; adequate; satisfactory	10558	thập phân
十	十万	じゅうまん	num	100,000; hundred thousand	10559	thập vạn
十	十両	じゅうりょう	n	second highest division; wrestlers of the second highest division	10560	thập ?
十	二十	にじゅう	num	twenty; 20	14895	nhì thập
十	二十四時間制	にじゅうよじかんせい	n	around-the-clock system	14896	nhì thập tứ thì gian chế
出	繰り出す	くりだす	v5s	to draw (a thread); to let out (e.g. a rope)	7477	thao xuất
出	傑出	けっしゅつ	n	being outstanding; excelling; being foremost	7707	kiệt xuất
出	検出	けんしゅつ	n	detection; sense (e.g. sensor)	7865	? xuất
出	見出す	みいだす	v5s	to find out; to discover; to notice; to detect	7904	kiến xuất
出	見出し	みだし	n	heading; headline; title; caption	7928	kiến xuất
出	言い出す	いいだす	v5s	to begin to say; to start talking; to broach (a matter); to bring up; to come out with	8084	ngôn xuất
出	呼び出す	よびだす	v5s	to call (someone) to (the door, phone, etc.); to tell (someone) to come; to call up (on the phone); to summon; to page; to invoke (e.g. a spirit)	8139	hô xuất
出	口出し	くちだし	n	meddling (in); butting in; interference; poking one's nose into	8458	khẩu xuất
出	差し出す	さしだす	v5s	to hold out; to extend (e.g. a hand)	9016	sai xuất
出	歳出	さいしゅつ	n	annual expenditure (of a state, organization, etc.)	9136	tuế xuất
出	作り出す	つくりだす	v5s	to manufacture; to produce; to raise (crops)	9223	tác xuất
出	算出	さんしゅつ	n	calculation; computation	9398	toán xuất
書	原書	げんしょ	n	original document (not a copy or adaptation); book in its original language (esp. a European language)	8008	nguyên thư
書	後書き	あとがき	n	afterword; postscript	8249	hậu thư
書	公文書	こうぶんしょ	n	official document; archives	8412	công văn thư
書	参考書	さんこうしょ	n	reference book; study-aid book; supplemental textbook; student handbook	9338	? khảo thư
書	司書	ししょ	n	librarian	9479	ti thư
書	私書箱	ししょばこ	n	post office box	9662	tư thư rương
書	辞書	じしょ	n	dictionary; lexicon	9961	từ thư
書	手書き	てがき	n	handwriting	10286	thủ thư
書	縦書き	たてがき	n	writing vertically; vertical writing	10582	? thư
書	書き言葉	かきことば	n	written word; written language	10846	thư ngôn diệp
書	書き込む	かきこむ	v5m	to fill in (field, entry, etc.); to fill out (form)	10847	thư ?
書	書き取る	かきとる	v5r	to write down (what someone says); to take down dictation; to take notes (e.g. of a lecture)	10848	thư thủ
女	処女	しょじょ	n	virgin (usu. female); maiden	10784	? nữa
女	女	おんな	n	woman; female	10889	nữa
女	女の子	おんなのこ	exp	girl; daughter; baby girl	10890	nữa tí
女	女の人	おんなのひと	exp	woman	10891	nữa nhân
女	女らしい	おんならしい	adj-i	womanly; ladylike; feminine	10892	nữa
女	女医	じょい	n	female doctor	10893	nữa ?
女	女王	じょおう	n	queen	10894	nữa vương
女	女史	じょし	n	lady (of high social status; e.g. scholar, artist, critic, politician)	10895	nữa sử
女	女子	じょし	n	woman; girl	10896	nữa tí
女	女子高	じょしこう	n	girls' high school	10897	nữa tí cao
女	女子高生	じょしこうせい	n	female high school student	10898	nữa tí cao sinh
女	女子大	じょしだい	n	women's college; women's university	10899	nữa tí đại
小	小屋	こや	n	hut; cabin; shed; (animal) pen	10979	tiểu ốc
小	小学	しょうがく	n	elementary school; primary school; grade school	10980	tiểu ?
小	小学校	しょうがっこう	n	primary school; elementary school; grade school	10981	tiểu ? chò
小	小学生	しょうがくせい	n	elementary school student; primary school student; grade school student	10982	tiểu ? sinh
小	小規模	しょうきぼ	adj-na	small scale	10983	tiểu qui mô
小	小結	こむすび	n	wrestler of the fourth highest rank	10984	tiểu kết
小	小遣い	こづかい	n	pocket money; spending money; pin money; allowance	10985	tiểu khiến
小	小言	こごと	n	scolding; telling-off; rebuke; lecture	10986	tiểu ngôn
小	小康	しょうこう	n	lull; breathing spell; respite	10987	tiểu khang
小	小国	しょうこく	n	small country	10988	tiểu ?
小	小さじ	こさじ	n	teaspoon	10989	tiểu
小	小皿	こざら	n	small plate; small dish	10990	tiểu mãnh
少	少額	しょうがく	n	small sum (of money); small amount	11024	thiểu ngạch
少	少佐	しょうさ	n	major; lieutenant commander; wing commander	11025	thiểu tá
少	少将	しょうしょう	n	major general; rear admiral; air commodore	11026	thiểu ?
少	少数	しょうすう	n	small number; few; minority	11027	thiểu ?
少	少年	しょうねん	n	boy	11028	thiểu nên
少	青少年	せいしょうねん	n	young people; youth; the younger generation	12171	thanh thiểu nên
少	多少	たしょう	adv	a little; some; somewhat; slightly; to some degree; to some extent	13012	đa thiểu
少	幼少	ようしょう	n	infancy; childhood; tender age	17562	ấu thiểu
少	少女	しょうじょ	n	girl (usu. between 7 and 17); young lady	18570	thiểu nữa
少	少々	しょうしょう	adv	a little; a bit; a small amount; a few; a pinch; some	19205	thiểu
少	少量	しょうりょう	n	small quantity; small amount	19211	thiểu ?
少	少なからず	すくなからず	adv	considerably; not a little; in no small numbers	19239	thiểu
上	格上げ	かくあげ	n	status elevation; upgrading; promotion	6031	cách thượng
上	机上	きじょう	n	on the desk	6572	cơ thượng
上	起き上がる	おきあがる	v5r	to rise; to get up; to stand up; to sit up	6722	khởi thượng
上	逆上せる	のぼせる	v1	to feel dizzy; to have blood rush to one's head	6856	nghịch thượng
上	極上	ごくじょう	adj-no	first-rate; finest quality; the best	7260	cực thượng
上	繰り上げる	くりあげる	v1	to move up; to advance	7478	thao thượng
上	計上	けいじょう	n	including (a cost) in a total calculation; appropriating (a sum of money); recording; allocating; booking	7634	kể thượng
上	献上	けんじょう	n	presenting (to)	7880	hiến thượng
上	見上げる	みあげる	v1	to look up at; to raise one's eyes	7929	kiến thượng
上	口上	こうじょう	n	vocal message; speech; statement	8460	khẩu thượng
上	向上	こうじょう	n	elevation; rise; improvement; advancement; progress	8477	hướng thượng
上	差し上げる	さしあげる	v1	to lift up; to hold up; to raise	9017	sai thượng
食	月食	げっしょく	n	lunar eclipse	7785	nguyệt ?
食	乞食	こじき	n	beggar	8319	khất ?
食	菜食	さいしょく	n	vegetable diet	9174	? ?
食	試食	ししょく	n	sampling food; tasting; trying	9723	thí ?
食	主食	しゅしょく	n	staple food	10211	chúa ?
食	食い違い	くいちがい	n	difference; disagreement; conflict; clash; discrepancy; inconsistency	11330	? vi
食	食い違う	くいちがう	v5u	to not match well (e.g. at the seams); to not mesh properly (of gears)	11331	? vi
食	食い込む	くいこむ	v5m	to bite into (e.g. rope into skin); to cut into; to dig into (e.g. of fingernails)	11332	? ?
食	食い止める	くいとめる	v1	to check; to hold back; to keep at bay; to stop; to prevent; to stem; to curb; to halt	11333	? chỉ
食	食べる	たべる	v1	to eat	11334	?
食	食べ過ぎる	たべすぎる	v1	to overeat	11335	? quá
食	食べ物	たべもの	n	food	11336	? vật
新	刷新	さっしん	n	reform; renovation	9265	loát tân
新	斬新	ざんしん	adj-na	novel; original; new; innovative	9417	trảm tân
新	新	しん	pref	new; neo-	11451	tân
新	新しい	あたらしい	adj-i	new; novel; fresh; recent; latest; up-to-date; modern	11452	tân
新	新た	あらた	adj-na	new; fresh; novel	11453	tân
新	新鋭	しんえい	adj-na	young and energetic; up-and-coming; new and excellent; newly produced; up-and-comer	11454	tân nhọn
新	新芽	しんめ	n	sprout; bud; shoot	11455	tân ?
新	新学期	しんがっき	n	new school term	11456	tân ? kì
新	新刊	しんかん	n	new book; new publication	11457	tân san
新	新幹線	しんかんせん	n	Shinkansen; bullet train	11458	tân ? ?
新	新顔	しんがお	n	newcomer; new face	11459	tân nhan
新	新規	しんき	adj-no	new; fresh	11460	tân qui
人	一人物	いちじんぶつ	n	person to be reckoned with; person of importance	4877	nhất nhân vật
人	一人歩き	ひとりあるき	n	taking on a life of its own (of a rumour, etc.)	4878	nhất nhân ?
人	一人娘	ひとりむすめ	n	only daughter	4879	nhất nhân nương
人	一般人	いっぱんじん	n	ordinary person; member of the general public; non-celebrity	4935	nhất bàn nhân
人	恩人	おんじん	n	benefactor; patron; person to whom one owes a great deal; person to whom one is (deeply) indebted	5372	ân nhân
人	何人	なんにん	n	how many people; a number of people	5496	? nhân
人	家人	かじん	n	occupant of a house; family member; household member (incl. servants)	5567	gia nhân
人	歌人	かじん	n	poet (of tanka poems)	5610	ca nhân
人	けが人	けがにん	n	wounded person; injured person	5817	nhân
人	外国人	がいこくじん	n	foreigner; foreign citizen; foreign national; alien; non-Japanese	5968	ngoại ? nhân
人	外人	がいじん	n	foreigner (esp. one of European ancestry); gaijin; whitey	5976	ngoại nhân
人	管理人	かんりにん	n	administrator; janitor; manager; concierge; caretaker; superintendent; supervisor	6361	quản lí nhân
水	給水	きゅうすい	n	water supply; supplied water; water refill	6961	cấp thuỷ
水	原水爆	げんすいばく	n	atomic and hydrogen bombs; nuclear and thermonuclear bombs	8011	nguyên thuỷ ?
水	呼び水	よびみず	n	pump-priming; rousing; stimulation	8140	hô thuỷ
水	湖水	こすい	n	lake; lake water	8182	hồ thuỷ
水	洪水	こうずい	n	flood; flooding	8599	hòng thuỷ
水	降水	こうすい	n	rainfall; precipitation	8719	giáng thuỷ
水	降水量	こうすいりょう	n	amount of precipitation; precipitation	8720	giáng thuỷ ?
水	香水	こうすい	n	perfume; scent	8727	hương thuỷ
水	高水準	こうすいじゅん	n	high level	8752	cao thuỷ chuẩn
水	治水	ちすい	n	river management; river improvement; flood control	9875	trị thuỷ
水	浄水	じょうすい	n	clean water; purified water	11270	? thuỷ
水	浸水	しんすい	n	inundation; submersion; flood	11501	tắm thuỷ
生	学生時代	がくせいじだい	n	student days	6104	? sinh thì đại
生	寄生	きせい	n	parasitism	6554	gửi sinh
生	寄生虫	きせいちゅう	n	parasite	6555	gửi sinh trùng
生	起死回生	きしかいせい	n	revival from the brink of death; recovering from a hopeless situation; resuscitation; revitalization	6728	khởi tợ hồi sinh
生	共生	きょうせい	n	coexistence; living together	7073	cộng sinh
生	原生	げんせい	adj-no	primeval; primordial; primitive; pristine	8012	nguyên sinh
生	公衆衛生	こうしゅうえいせい	n	public health; public hygiene; sanitation	8390	công ? vệ sinh
生	厚生	こうせい	n	welfare; public welfare; social welfare	8443	? sinh
生	厚生省	こうせいしょう	n	(former) Ministry of Health and Welfare	8444	? sinh tỉnh
生	厚生年金	こうせいねんきん	n	welfare pension	8445	? sinh nên kim
生	抗生物質	こうせいぶっしつ	n	antibiotic	8545	kháng sinh vật chất
生	更生	こうせい	n	rehabilitation; remaking one's life; starting life anew	8572	canh sinh
西	西部	せいぶ	n	western part; the west (of a region)	12148	tây bộ
西	西風	にしかぜ	n	west wind	12149	tây phong
西	西洋	せいよう	n	the West; the Occident; Western countries	12150	tây dương
西	西洋人	せいようじん	n	Western person; Westerner	12151	tây dương nhân
西	西暦	せいれき	n	Common Era; CE; Christian Era; anno domini; AD	12152	tây ?
西	大西洋	たいせいよう	n	Atlantic Ocean	13270	đại tây dương
西	東西	とうざい	n	east and west	14452	đang tây
西	北西	ほくせい	n	northwest	16760	? tây
西	西方	せいほう	n	western direction	18597	tây phương
西	南西	なんせい	n	southwest	18671	nam tây
西	西独	せいどく	n	West Germany (1949-1990)	20623	tây ?
西	西日本	にしにほん	n	western Japan (usu. Chūbu region and westward)	21216	tây nhật bản
先	春先	はるさき	n	beginning of spring	10734	? tiên
先	真っ先	まっさき	n	the head; the foremost; beginning; the very front	11529	chân tiên
先	刃先	はさき	n	edge of blade	11725	nhẫn tiên
先	先	さき	n	point; tip; end; nozzle	12340	tiên
先	先々	さきざき	n	distant future; inevitable future	12341	tiên
先	先ず	まず	adv	first (of all); firstly; to begin with; before anything else	12342	tiên
先	先に	さきに	adv	previously; before; earlier; formerly; recently	12343	tiên
先	先安	さきやす	n	lower future quotations	12344	tiên an
先	先駆	せんく	n	forerunner; precursor; pioneer; leader	12345	tiên ?
先	先駆ける	さきがける	v1	to do (something) before (something or someone else); to be ahead of (others, the times, etc.)	12346	tiên ?
先	先決	せんけつ	n	deciding first; settling (a matter) first; first priority	12347	tiên quyết
先	先月	せんげつ	n	last month	12348	tiên nguyệt
千	千鳥	ちどり	n	plover	12383	thiên điểu
千	千島	ちしま	n	Kurile Islands	12384	thiên đảo
千	千里	せんり	n	1000 ri; (a) long distance	12385	thiên lịa
千	千代	ちよ	n	thousand years; thousand generations; thousand ages; eternity	18601	thiên đại
千	千切れる	ちぎれる	v1	to be torn off; to come off	19900	thiên thiết
千	四千	よんせん	num	four thousand; 4,000	21218	tứ thiên
千	千島列島	ちしまれっとう	n	Kurile Islands	21345	thiên đảo liệt đảo
千	千九百年代	せんきゅうひゃくねんだい	n	the 1900s	21479	thiên cửu bá nên đại
千	千葉	ちば	n	Chiba (city, prefecture)	22087	thiên diệp
川	川端	かわばた	n	riverside; riverbank	12419	xuyên đoan
川	川柳	せんりゅう	n	senryū; comic haiku; humorous seventeen-mora poem	12420	xuyên liễu
川	滝川	たきがわ	n	rapids	13327	sông xuyên
川	谷川	たにがわ	n	mountain stream	13378	cốc xuyên
川	堀川	ほりかわ	n	canal	16784	? xuyên
川	川口	かわぐち	n	mouth of river; estuary	18439	xuyên khẩu
川	天の川	あまのがわ	n	Milky Way; luminous band corresponding to the plane of the galaxy	18640	thiên xuyên
川	川原	かわら	n	dry riverbed; river beach	19041	xuyên nguyên
川	河川敷	かせんじき	n	flood plain; river terrace; riverside area; area between river and river bank	20185	hà xuyên ?
川	川崎	かわさき	n	Kawasaki (city)	22083	xuyên ?
前	左前	ひだりまえ	n	wearing a kimono with the right side over the left (normally used only for the dead)	9004	tả tiền
前	最前線	さいぜんせん	n	front line; forefront	9108	tối tiền ?
前	事前	じぜん	adj-no	prior; beforehand; in advance; before the fact; ex ante	9774	sự tiền
前	持ち前	もちまえ	adj-no	natural; inborn; innate; inherent; characteristic	9818	trì tiền
前	自前	じまえ	n	paying one's own expenses	9926	tự tiền
前	手前	てまえ	n	before oneself; in front of one; nearby	10295	thủ tiền
前	出前	でまえ	n	home delivery (of food); outside catering	10688	xuất tiền
前	人前	にんまえ	n	portion of food	11699	nhân tiền
前	人前	ひとまえ	n	presence of other people; (in) public; (in) front of others	11700	nhân tiền
前	寸前	すんぜん	n	just before; on the verge of; on the brink of	11883	thốn tiền
前	生前	せいぜん	n	while alive; during one's lifetime	12070	sinh tiền
前	戦前	せんぜん	n	pre-war days; before the war	12435	? tiền
足	充足	じゅうそく	n	sufficiency	10538	sung túc
足	出足	であし	n	turnout (of people)	10689	xuất túc
足	俊足	しゅんそく	n	swiftness of foot; fast runner	10729	tuấn túc
足	寝不足	ねぶそく	adj-na	lack of sleep; insufficient sleep	11402	? bất túc
足	足	あし	n	foot; paw; arm (of an octopus, squid, etc.)	12928	túc
足	足し算	たしざん	n	addition	12929	túc toán
足	足す	たす	v5s	to add (numbers)	12930	túc
足	足りる	たりる	v1	to be sufficient; to be enough	12931	túc
足	足る	たる	v5r	to be sufficient; to be enough	12932	túc
足	足音	あしおと	n	(sound of) footsteps	12933	túc âm
足	足腰	あしこし	n	legs and loins; lower body	12934	túc yêu
足	足止め	あしどめ	n	preventing (someone) from leaving; confinement; keeping indoors; inducement to stay	12935	túc chỉ
多	多彩	たさい	adj-na	colourful; colorful; multicoloured; multicolored; varicoloured; varicolored	13008	đa thái
多	多才	たさい	adj-na	talented	13009	đa tài
多	多湿	たしつ	n	high humidity	13010	đa ?
多	多重	たじゅう	n	multiple; multiplex	13011	đa trọng
多	多少	たしょう	adv	a little; some; somewhat; slightly; to some degree; to some extent	13012	đa thiểu
多	多数	たすう	n	large number (of); many	13013	đa ?
多	多数決	たすうけつ	n	majority decision; majority vote; majority rule	13014	đa ? quyết
多	多大	ただい	adj-na	great (quantity, amount, etc.); huge; enormous; serious	13015	đa đại
多	多難	たなん	adj-na	full of troubles, difficulties	13016	đa nan
多	多分	たぶん	adv	probably; likely; perhaps; maybe	13017	đa phân
多	多忙	たぼう	n	being very busy; busyness	13018	đa mang
多	多面	ためん	n	many-sided; multifaceted	13019	đa ?
大	強大	きょうだい	adj-na	powerful; strong; mighty	7130	càng đại
大	誇大	こだい	adj-na	exaggeration; hyperbole	8196	khoa đại
大	広大	こうだい	adj-na	vast; extensive; immense; huge; large; grand; magnificent	8532	? đại
大	国務大臣	こくむだいじん	n	minister of state; cabinet minister (in Japan)	8879	? vụ đại thần
大	最大	さいだい	n	biggest; greatest; largest; maximum	9111	tối đại
大	重大	じゅうだい	adj-na	serious; important; significant; grave; weighty	10600	trọng đại
大	女子大	じょしだい	n	women's college; women's university	10899	nữa tí đại
大	甚大	じんだい	adj-na	very great; enormous; serious	11736	thậm đại
大	世界大戦	せかいたいせん	n	world war	11889	thế giới đại ?
大	盛大	せいだい	adj-na	grand; magnificent; lavish; large scale; prosperous; thriving; lively	12100	thịnh đại
大	絶大	ぜつだい	adj-na	tremendous; immense; enormous; colossal; stupendous; huge	12330	tuyệt đại
大	粗大	そだい	adj-na	coarse; rough; bulky	12638	thô đại
男	男子	だんし	n	boy	13502	nam tí
男	男爵	だんしゃく	n	baron	13503	nam tước
男	男女	だんじょ	n	men and women; man and woman; both sexes; both genders	13504	nam nữa
男	男性	だんせい	n	man; male	13505	nam tính
男	男前	おとこまえ	n	handsome man; man's looks; good looks	13506	nam tiền
男	男尊女卑	だんそんじょひ	n	male domination of women; male chauvinism; subjection of women	13507	nam tôn nữa ?
男	男優	だんゆう	n	(male) actor	13508	nam ?
男	長男	ちょうなん	n	eldest son (may be the only son); first-born son	13875	trường nam
男	年男	としおとこ	n	man born in a year with the same Chinese zodiac sign as the current year	15092	nên nam
男	老若男女	ろうにゃくなんにょ	n	men and women of all ages	18182	lão nhược nam nữa
男	男性的	だんせいてき	adj-na	manly	19898	nam tính đích
男	男児	だんじ	n	boy; son	20324	nam ?
中	間中	あいだじゅう	n	during	6426	gian trung
中	宮中	きゅうちゅう	n	imperial court	6896	? trung
中	胸中	きょうちゅう	n	one's heart; one's mind; one's intentions	7195	hông trung
中	空中	くうちゅう	n	(in) the air; midair; sky	7447	không trung
中	御中	おんちゅう	n-suf	... and Company; Messrs; for the attention of ...	8275	ngự trung
中	お中元	おちゅうげん	n	mid-year gift; summer gift	8276	trung nguyên
中	工事中	こうじちゅう	adj-no	under construction	8507	công sự trung
中	獄中	ごくちゅう	n	during imprisonment; while in jail	8907	ngục trung
中	仕事中	しごとちゅう	adj-no	at work; in the midst of work; working	9437	sĩ sự trung
中	市中	しちゅう	n	in the city	9548	thị trung
中	集中	しゅうちゅう	n	concentration (on a task); focusing one's attention	10515	tập trung
中	暑中	しょちゅう	n	height of summer; high summer; hottest part of the summer	10837	? trung
長	会長	かいちょう	n	president (of a society); chairman	5750	hội trường
長	学長	がくちょう	n	(university) president; chancellor; principal; provost	6107	? trường
長	官房長官	かんぼうちょうかん	n	Chief Cabinet Secretary (Japan)	6256	quan phòng trường quan
長	館長	かんちょう	n	superintendent; director; curator; chief librarian	6452	quán trường
長	機長	きちょう	n	captain (of an aircraft)	6610	cơ trường
長	議長	ぎちょう	n	chair; chairman; chairperson; speaker (of an assembly); president (of a council, senate, etc.)	6815	nghị trường
長	局長	きょくちょう	n	bureau director; office chief	7242	cục trường
長	区長	くちょう	n	head of a ward; mayor of a ward; chief administrator of a ward	7381	? trường
長	係長	かかりちょう	n	subsection head; assistant manager; chief clerk	7527	hệ trường
長	校長	こうちょう	n	principal; head teacher; headmaster; headmistress	8582	chò trường
長	国務長官	こくむちょうかん	n	Secretary of State	8880	? vụ trường quan
長	座長	ざちょう	n	chairman	9049	toà trường
天	晴天	せいてん	n	fine weather (i.e. little or no clouds); fair weather; clear weather; clear sky; fair skies	11993	tạnh thiên
天	先天的	せんてんてき	adj-na	inborn; innate; inherent; congenital; hereditary	12368	tiên thiên đích
天	天	てん	n	sky	14178	thiên
天	天井	てんじょう	n	ceiling	14179	thiên tỉnh
天	天王星	てんのうせい	n	Uranus (planet)	14180	thiên vương tinh
天	天下	てんか	n	the whole world	14181	thiên hạ
天	天下り	あまくだり	n	retiring high-ranking government officials taking a lucrative job in a private or semi-private corporation	14182	thiên hạ
天	天気	てんき	n	weather	14183	thiên ?
天	天気予報	てんきよほう	n	weather forecast; weather report	14184	thiên ? nhừ báo
天	天狗	てんぐ	n	tengu; red-faced and long-nosed goblin said to reside deep in the mountains	14185	thiên cẩu
天	天候	てんこう	n	weather	14186	thiên hầu
天	天皇制	てんのうせい	n	the Emperor System	14187	thiên hoàng chế
店	代理店	だいりてん	n	agency; agent	13194	đại lí điếm
店	店員	てんいん	n	employee (of a store); shop assistant; clerk; salesperson	14210	điếm viên
店	店主	てんしゅ	n	shopkeeper; storekeeper; proprietor of a shop	14211	điếm chúa
店	店先	みせさき	n	storefront; shopfront	14212	điếm tiên
店	店長	てんちょう	n	shop manager	14213	điếm trường
店	店頭	てんとう	n	shopfront; storefront; shopwindow; (near the) shop entrance	14214	điếm đầu
店	店内	てんない	n	inside of a store (restaurant, café, etc.); store interior; on the premises	14215	điếm nội
店	店舗	てんぽ	n	shop; store; establishment; restaurant	14216	điếm ?
店	当店	とうてん	n	this store	14495	? điếm
店	同店	どうてん	n	the same store; the same shop	14644	đồng điếm
店	売店	ばいてん	n	stand; stall; booth; kiosk; store	15301	? điếm
店	百貨店	ひゃっかてん	n	department store	15748	bá hoá điếm
電	祝電	しゅくでん	n	congratulatory telegram	10635	chúc ?
電	送電	そうでん	n	transmission of electricity; electricity supply; power supply	12848	tống ?
電	蓄電池	ちくでんち	n	storage battery	13607	? ? trì
電	弔電	ちょうでん	n	telegram of condolence	13776	điếu ?
電	停電	ていでん	n	power outage; power failure; power cut; blackout	14054	đình ?
電	電圧	でんあつ	n	voltage	14277	? ?
電	電化	でんか	n	electrification	14278	? hoá
電	電器	でんき	n	electric (goods)	14279	? khí
電	電機	でんき	n	electrical machinery; appliances	14280	? cơ
電	電気	でんき	n	electricity	14281	? ?
電	電気製品	でんきせいひん	n	electronic goods	14282	? ? chế phẩm
電	電球	でんきゅう	n	light bulb	14283	? cầu
土	土器	どき	n	earthenware	14367	thổ khí
土	土建屋	どけんや	n	general (civil engineering and construction) contractor	14368	thổ kiến ốc
土	土産	みやげ	n	local specialty or souvenir bought as a gift while travelling	14370	thổ sản
土	土手	どて	n	embankment; bank	14371	thổ thủ
土	土壌	どじょう	n	soil	14372	thổ ?
土	土人	どじん	n	native; aboriginal	14373	thổ nhân
土	土星	どせい	n	Saturn (planet)	14374	thổ tinh
土	土石	どせき	n	earth and stones	14375	thổ thạch
土	土足	どそく	n	shod feet; wearing shoes	14376	thổ túc
土	土台	どだい	n	foundation; base; basis	14377	thổ thai
土	土壇場	どたんば	n	last moment; eleventh hour	14378	thổ đàn trường
土	土地	とち	n	plot of land; lot; soil	14379	thổ địa
東	東京	とうきょう	n	Tokyo	14449	đang kinh
東	東経	とうけい	n	east longitude	14450	đang ?
東	東口	ひがしぐち	n	east entrance; east exit	14451	đang khẩu
東	東西	とうざい	n	east and west	14452	đang tây
東	東都	とうと	n	the Eastern Capital (now Tokyo); Yedo; Edo	14453	đang đô
東	東部	とうぶ	n	eastern part; the east (of a region)	14455	đang bộ
東	東方	とうほう	n	eastern direction	14456	đang phương
東	東邦	とうほう	n	Oriental country; the Orient	14457	đang vâng
東	東洋	とうよう	n	the East; the Orient; (East) Asia	14459	đang dương
東	東側	ひがしがわ	n	east side; east bank	18651	đang trắc
東	南東	なんとう	n	southeast	18673	nam đang
東	北東	ほくとう	n	northeast	18747	? đang
道	帰り道	かえりみち	n	the way back; the way home; return trip	6620	? đạo
道	軌道	きどう	n	orbit; trajectory	6739	quẫy đạo
道	弓道	きゅうどう	n	kyūdō; kyudo; Japanese archery	6901	cung đạo
道	筋道	すじみち	n	reason; logic	7302	gân đạo
道	剣道	けんどう	n	kendo; Japanese martial art using bamboo swords	7819	? đạo
道	県道	けんどう	n	prefectural road	7898	? đạo
道	坑道	こうどう	n	tunnel; (mining) gallery; level; shaft; pit	8478	ganh đạo
道	高速道路	こうそくどうろ	n	highway; freeway; expressway; motorway	8757	cao tốc đạo lộ
道	国道	こくどう	n	national road; national highway	8866	? đạo
道	坂道	さかみち	n	hill road	9216	phẳng đạo
道	参道	さんどう	n	road approaching a shrine	9344	? đạo
道	山道	やまみち	n	mountain road; mountain trail	9366	sơn đạo
読	読み書き	よみかき	n	reading and writing	14761	? thư
読	読み上げる	よみあげる	v1	to read out; to read aloud; to call out	14762	? thượng
読	読み返す	よみかえす	v5s	to reread; to read again	14763	? phản
読	読み方	よみかた	n	pronunciation; reading (e.g. of a kanji)	14764	? phương
読	読む	よむ	v5m	to read	14765	?
読	読者	どくしゃ	n	reader	14766	? ?
読	読書	どくしょ	n	reading (books)	14767	? thư
読	読売	よみうり	n	Yomiuri (newspaper, etc. group)	14768	? ?
読	必読	ひつどく	n	must-read; required reading	15733	tất ?
読	秒読み	びょうよみ	n	countdown	15812	? ?
読	立ち読み	たちよみ	n	reading while standing (in a bookstore, etc.); browsing (i.e. reading an item but not buying it)	17833	lập ?
読	朗読	ろうどく	n	reading aloud; recitation	18169	lãng ?
南	南口	みなみぐち	n	south entrance; south exit	14853	nam khẩu
南	南蛮	なんばん	n	southern barbarians (name used in ancient China for non-Chinese ethnic groups to the south)	14854	nam man
南	南部	なんぶ	n	southern part; the south (of a region)	14855	nam bộ
南	南米	なんべい	n	South America	14856	nam ?
南	南方	なんぽう	n	the south; southward; southern direction	14857	nam phương
南	南瓜	かぼちゃ	n	pumpkin (Cucurbita sp.); squash	18670	nam qua
南	南西	なんせい	n	southwest	18671	nam tây
南	南側	みなみがわ	n	south side	18672	nam trắc
南	南東	なんとう	n	southeast	18673	nam đang
南	南氷洋	なんひょうよう	n	Antarctic Ocean	18674	nam ? dương
南	南北問題	なんぼくもんだい	n	North-South problem	21303	nam ? ? ?
二	二の次	にのつぎ	exp	secondary; of secondary importance	14882	nhì thứ
二	二院	にいん	n	the two houses of legislature	14883	nhì viện
二	二回	にかい	n	twice	14884	nhì hồi
二	二階	にかい	n	second floor; upstairs	14885	nhì giai
二	二割	にわり	n	20 percent	14886	nhì cắt
二	二宮	にぐう	n	the Two Ise Shrines	14887	nhì ?
二	二軍	にぐん	n	second team; reserve team; farm team; second-string players	14888	nhì quân
二	二月	にがつ	n	February	14889	nhì nguyệt
二	二号	にごう	n	number two	14890	nhì hiệu
二	二酸化炭素	にさんかたんそ	n	carbon dioxide; CO2	14891	nhì ? hoá than tố
二	二死	にし	n	two out; two down (and one to go)	14892	nhì tợ
二	二次	にじ	adj-no	second	14893	nhì thứ
日	給料日	きゅうりょうび	n	payday; pay day	6966	cấp liệu nhật
日	近日	きんじつ	n	soon; in a few days	7331	cận nhật
日	金曜日	きんようび	n	Friday	7356	kim ? nhật
日	９日	ここのか	n	9th day of the month	7371	nhật
日	月日	つきひ	n	time; years; days; (one's) life	7786	nguyệt nhật
日	月曜日	げつようび	n	Monday	7793	nguyệt ? nhật
日	元日	がんじつ	n	New Year's Day	7981	nguyên nhật
日	５日	いつか	n	5th day of the month	8213	nhật
日	後日	ごじつ	n	in the future; another day; later	8254	hậu nhật
日	抗日	こうにち	n	resistance against Japanese aggression; anti-Japanese (campaign, movement, etc.)	8548	kháng nhật
日	今日は	こんにちは	int	hello; good day; good afternoon	8944	kim nhật
日	今日的	こんにちてき	adj-na	modern; up-to-date	8945	kim nhật đích
入	吸入	きゅうにゅう	n	inhalation	6895	cộp nhập
入	購入	こうにゅう	n	purchase; buying	8702	? nhập
入	混入	こんにゅう	n	mixing; blending; adding; adulteration	8988	hổn nhập
入	歳入	さいにゅう	n	annual revenue (government); annual income (government); budget receipts	9137	tuế nhập
入	参入	さんにゅう	n	entering (the marketplace); introducing (something) to the market; access	9345	? nhập
入	仕入れ	しいれ	n	buying (of stock, materials, etc.); purchasing; stocking; laying in; procurement	9445	sĩ nhập
入	仕入れる	しいれる	v1	to buy (stock, materials, etc.); to purchase; to lay in; to stock; to procure	9446	sĩ nhập
入	四捨五入	ししゃごにゅう	n	rounding (off; a number); rounding half away from zero	9500	tứ xả ngũ nhập
入	借り入れ	かりいれ	n	borrowing (money)	10151	tá nhập
入	借入金	かりいれきん	n	loan; loan payable; debt	10155	tá nhập kim
入	取り入れる	とりいれる	v1	to take in; to gather in	10247	thủ nhập
入	手に入る	てにはいる	exp	to obtain; to come into possession of; to get hold of; to get one's hands on	10263	thủ nhập
年	学年	がくねん	n	academic year; school year	6111	? nên
年	去年	きょねん	n	last year	6982	khứ nên
年	近年	きんねん	n	recent years	7332	cận nên
年	元年	がんねん	n	first year (of an imperial era)	7982	nguyên nên
年	お年玉	おとしだま	n	New Year's gift (usu. money given to a child by relatives and visitors)	8279	nên ngọc
年	光年	こうねん	n	light-year	8359	quang nên
年	厚生年金	こうせいねんきん	n	welfare pension	8445	? sinh nên kim
年	更年期	こうねんき	n	menopause; climacteric	8574	canh nên kì
年	再来年	さらいねん	n	year after next	9087	tái ? nên
年	昨年	さくねん	n	last year	9252	? nên
年	周年	しゅうねん	n	whole year; entire year	10429	chu nên
年	少年	しょうねん	n	boy	11028	thiểu nên
買	買収	ばいしゅう	n	acquisition (esp. corporate); buy-out; takeover; purchase	15290	mãi ?
買	売買	ばいばい	n	trade; buying and selling; trafficking (e.g. of humans, arms, drugs); dealing	15302	? mãi
買	買い占め	かいしめ	n	buying up of goods; cornering (market)	18975	mãi chiêm
買	買い手	かいて	n	buyer	18976	mãi thủ
買	買い物	かいもの	n	shopping; purchased goods	18978	mãi vật
買	買い占める	かいしめる	v1	to buy up	19829	mãi chiêm
買	ドル買い	ドルかい	n	dollar purchase	20139	mãi
買	買い	かい	n	buying; shopping	20543	mãi
買	買い入れ	かいいれ	n	buying; purchasing; laying in	21170	mãi nhập
買	買い上げ	かいあげ	n	buying; purchasing; procurement	21171	mãi thượng
買	買い付け	かいつけ	n	buying (in large quantities); (wholesale) purchase; buying in	21172	mãi phó
買	買い控え	かいびかえ	n	restrained buying	21173	mãi khống
白	白い	しろい	adj-i	white	15330	bạch
白	白バイ	しろバイ	n	motorcycle police	15331	bạch
白	白衣	はくい	n	white clothes; white robe	15332	bạch y
白	白羽	しらは	n	white feather	15333	bạch võ
白	白樺	しらかば	n	Japanese white birch (Betula platyphylla var. japonica)	15334	bạch ?
白	白菊	しらぎく	n	white chrysanthemum	15335	bạch cúc
白	白血球	はっけっきゅう	n	white blood cell; leukocyte; leucocyte	15336	bạch huyết cầu
白	白血病	はっけつびょう	n	leukemia; leukaemia	15337	bạch huyết bệnh
白	白黒	しろくろ	n	black and white; monochrome	15338	bạch ?
白	白菜	はくさい	n	napa cabbage (Brassica rapa subsp. pekinensis); nappa cabbage; Chinese cabbage	15339	bạch ?
白	白紙	はくし	n	white paper; flyleaf	15340	bạch chỉ
白	白書	はくしょ	n	white paper (government report)	15341	bạch thư
八	八分音符	はちぶおんぷ	n	8th note; eighth note; quaver	15388	bát phân âm bùa
八	八方	はっぽう	n	all sides; the four cardinal directions and the four ordinal directions	15389	bát phương
八	十八番	じゅうはちばん	n	one's favourite party trick (favorite); one's specialty; one's forte	18554	thập bát phan
八	八	はち	num	eight; 8	18698	bát
八	八つ	やっつ	num	eight	18699	bát
八	八丁	はっちょう	n	skillfulness	19469	bát đinh
八	八幡	はちまん	n	Hachiman (god of war)	20338	bát phan
八	八十	はちじゅう	num	eighty; 80	20675	bát thập
八	八重	やえ	adj-no	eightfold; octuple	20949	bát trọng
八	十八日	じゅうはちにち	n	18th day of the month	22324	thập bát nhật
八	二十八日	にじゅうはちにち	n	28th day of the month	22331	nhì thập bát nhật
半	大半	たいはん	n	majority; more than half; most (of)	13295	đại bán
半	中途半端	ちゅうとはんぱ	adj-na	halfway; half measures; unfinished; incomplete; by halves; half-baked; half-cocked; half-hearted; half-arsed; half-assed	13689	trung đồ bán đoan
半	朝鮮半島	ちょうせんはんとう	n	Korean peninsula	13804	triều tiên bán đảo
半	半	はん	n-pref	half; semi-; partial	15474	bán
半	半ば	なかば	n	middle; halfway; midway	15475	bán
半	半額	はんがく	n	half the amount (of money); half price; half fare	15476	bán ngạch
半	半官半民	はんかんはんみん	n	semi-governmental; semi-official	15477	bán quan bán dân
半	半期	はんき	n	half-term; half-time; half period	15478	bán kì
半	半径	はんけい	n	radius	15479	bán ?
半	半減	はんげん	n	reduction by half; halving	15480	bán giảm
半	半周	はんしゅう	n	semicircle; hemicycle; half globe	15481	bán chu
半	半熟	はんじゅく	adj-no	half-cooked; half-done; soft-boiled	15482	bán thục
百	百貨店	ひゃっかてん	n	department store	15748	bá hoá điếm
百	百合	ゆり	n	lily (Lilium spp.)	15749	bá hợp
百	百姓	ひゃくしょう	n	farmer; peasant; farm laborer; farmhand	15750	bá tính
百	百万	ひゃくまん	num	1,000,000; one million; million	15751	bá vạn
百	百科事典	ひゃっかじてん	n	encyclopedia; encyclopaedia	19539	bá khoa sự điển
百	二百	にひゃく	num	200; two hundred	20718	nhì bá
百	四百	よんひゃく	num	400; four hundred	21219	tứ bá
百	千九百年代	せんきゅうひゃくねんだい	n	the 1900s	21479	thiên cửu bá nên đại
父	父兄	ふけい	n	guardians; parents	16021	? huynh
父	父子	ふし	n	father and child; father and son; father and daughter	16022	? tí
父	父親	ちちおや	n	father	16023	? thân
父	父母	ふぼ	n	father and mother; parents	16024	? mẫu
父	父方	ちちかた	n	father's side of family	16025	? phương
父	養父	ようふ	n	foster father; adoptive father	17668	dưỡng ?
父	叔父	おじ	n	uncle	19761	thúc ?
父	亡父	ぼうふ	n	deceased father; late father	19768	vong ?
父	父さん	とうさん	n	father; dad; papa; pa; pop; daddy; dada	19915	?
父	養父母	ようふぼ	n	adoptive parents	21308	dưỡng ? mẫu
分	核分裂	かくぶんれつ	n	nuclear fission	6044	hạch phân ?
分	幾分	いくぶん	adv	somewhat; to some extent; to some degree	6567	? phân
分	気分	きぶん	n	feeling; mood	6671	? phân
分	気分転換	きぶんてんかん	n	change of pace; change of mood; (mental) break (e.g. going for a walk); refreshment	6672	? phân ? ?
分	区分	くぶん	n	division; section; demarcation; partition; segmentation; compartment; (traffic) lane	7383	? phân
分	見分ける	みわける	v1	to distinguish; to recognize; to recognise; to tell apart; to differentiate	7947	kiến phân
分	言い分	いいぶん	n	one's say; one's point; one's case; one's claim	8088	ngôn phân
分	五分	ごぶ	n	half; 50%	8214	ngũ phân
分	細分	さいぶん	n	subdivision (into small parts)	9168	tới phân
分	使い分け	つかいわけ	n	proper use; using (different things) for different purposes	9457	sứ phân
分	自分	じぶん	pn	myself; yourself; oneself; himself; herself	9947	tự phân
分	自分自身	じぶんじしん	pn	oneself; myself	9948	tự phân tự thân
聞	聞き取り	ききとり	n	listening comprehension; aural comprehension	16295	? thủ
聞	聞き取る	ききとる	v5r	to catch (someone's words); to make out; to follow; to understand	16296	? thủ
聞	聞き手	ききて	n	hearer; listener; audience	16297	? thủ
聞	聞く	きく	v5k	to hear	19056	?
聞	聞こえる	きこえる	v1	to be heard; to be audible; to reach one's ears	19059	?
聞	聴聞	ちょうもん	n	listening; hearing	21327	? ?
聞	聞き書き	ききがき	n	writing down what one hears; account of what one hears	21367	? thư
聞	新聞記事	しんぶんきじ	n	newspaper story (article, account)	21552	tân ? kí sự
母	祖母	そぼ	n	grandmother	12632	? mẫu
母	父母	ふぼ	n	father and mother; parents	16024	? mẫu
母	分母	ぶんぼ	n	denominator	16232	phân mẫu
母	母	はは	n	mother	16547	mẫu
母	母音	ぼいん	n	vowel	16548	mẫu âm
母	母校	ぼこう	n	alma mater	16549	mẫu chò
母	母国	ぼこく	n	one's home country; one's homeland	16550	mẫu ?
母	母国語	ぼこくご	n	language of one's country; mother tongue; native language	16551	mẫu ? ngữ
母	母子	ぼし	n	mother and child	16552	mẫu tí
母	母親	ははおや	n	mother	16553	mẫu thân
母	母性	ぼせい	n	motherhood; maternity	16554	mẫu tính
母	母体	ぼたい	n	mother's body (esp. when pregnant or after giving birth)	16555	mẫu thể
北	北海	ほっかい	n	northern sea	16752	? hải
北	北海道	ほっかいどう	n	Hokkaido (island, prefectural-level administrative unit)	16753	? hải đạo
北	北海道開発庁長官	ほっかいどうかいはつちょうちょうかん	n	Director General of Hokkaido Development Agency	16754	? hải đạo khai ? ? trường quan
北	北京	ペキン	n	Beijing (China); Peking	16755	? kinh
北	北極	ほっきょく	n	North Pole	16756	? cực
北	北極圏	ほっきょくけん	n	Arctic Circle; the Arctic	16757	? cực ?
北	北口	きたぐち	n	north entrance; north exit	16758	? khẩu
北	北上	ほくじょう	n	going north	16759	? thượng
北	北西	ほくせい	n	northwest	16760	? tây
北	北端	ほくたん	n	northern extremity	16761	? đoan
北	北朝鮮	きたちょうせん	n	North Korea	16762	? triều tiên
北	北部	ほくぶ	n	northern part; the north (of a region)	16763	? bộ
本	元本	がんぽん	n	principal; capital	7983	nguyên bản
本	原本	げんぽん	n	original (document, copy, work, text, etc.)	8020	nguyên bản
本	古本屋	ふるほんや	n	secondhand bookshop; secondhand bookstore; secondhand bookseller	8135	cổ bản ốc
本	根本的	こんぽんてき	adj-na	fundamental; basic	8978	căn bản đích
本	三本	さんぼん	n	three (long cylindrical things)	9320	tam bản
本	資本	しほん	n	funds; capital	9740	? bản
本	資本金	しほんきん	n	capital stock	9741	? bản kim
本	資本主義	しほんしゅぎ	n	capitalism	9742	? bản chúa nghĩa
本	手本	てほん	n	model; (good) example; exemplar; paragon	10317	thủ bản
本	抄本	しょうほん	n	excerpt; abridgment; abridgement; book of selections	11041	sao bản
本	台本	だいほん	n	script; libretto; scenario	13201	thai bản
本	拓本	たくほん	n	rubbing; rubbed copy	13339	? bản
毎	毎日	まいにち	n	every day; daily	16887	? nhật
毎	毎晩	まいばん	n	every night	16888	? ?
毎	毎月	まいつき	adv	every month; each month; monthly	18754	? nguyệt
毎	毎年	まいとし	adv	every year; yearly; annually	18755	? nên
毎	毎日のように	まいにちのように	exp	almost every day; almost daily	22373	? nhật
万	万年	まんねん	n	ten thousand years; eternity	16917	vạn nên
万	万年筆	まんねんひつ	n	fountain pen	16918	vạn nên bút
万	万里	ばんり	n	thousands of miles	16919	vạn lịa
万	万	まん	num	10,000; ten thousand	18757	vạn
万	万人	ばんにん	n	all people; everybody	18758	vạn nhân
万	万全	ばんぜん	n	perfection; flawlessness	18759	vạn toàn
万	万能	ばんのう	adj-no	all-purpose; utility; universal	18760	vạn năng
万	万歳	ばんざい	int	banzai; hurray; hurrah; hooray	19495	vạn tuế
万	数万	すうまん	n	tens of thousands	21009	? vạn
万	１万	いちまん	num	10,000; ten thousand	21938	vạn
名	指名手配	しめいてはい	n	putting (a named suspect) on the wanted list	9604	chỉ danh thủ phối
名	氏名	しめい	n	(full) name; identity	9655	thị danh
名	実名	じつめい	n	real name	10064	? danh
名	社名	しゃめい	n	company name; name of a company	10120	xã danh
名	襲名	しゅうめい	n	succession to another's professional name	10496	tập danh
名	署名	しょめい	n	signature; autograph	10845	thợ danh
名	書名	しょめい	n	book title	10866	thư danh
名	除名	じょめい	n	striking off a name; dropping a name (from a list); expulsion; excommunication	10922	trừ danh
名	振り仮名	ふりがな	n	furigana; kana printed above or next to kanji to indicate pronunciation	11441	chấn ? danh
名	人名	じんめい	n	person's name	11717	nhân danh
名	姓名	せいめい	n	(full) name; family name and given name	11927	tính danh
名	送り仮名	おくりがな	n	kana written after a kanji to complete the full (usually kun) reading of the word; declensional kana ending	12838	tống ? danh
木	土木	どぼく	n	engineering works; civil engineering; public works	14383	thổ mộc
木	柏木	かしわぎ	n	oak tree	15326	bách mộc
木	苗木	なえぎ	n	seedling; sapling; young tree	15815	meo mộc
木	本木	もとき	n	original stock	16838	bản mộc
木	木	き	n	tree; shrub; bush	17243	mộc
木	木の芽	きのめ	n	leaf bud	17244	mộc ?
木	木の実	きのみ	n	fruit of a tree; nut; berry	17245	mộc ?
木	木の葉	このは	exp	leaf (of a tree); tree leaves; foliage	17246	mộc diệp
木	木陰	こかげ	n	shade of a tree; bower	17247	mộc âm
木	木戸	きど	n	wicket gate; wooden door	17248	mộc ?
木	木材	もくざい	n	lumber; timber; wood	17249	mộc ?
木	木場	きば	n	lumberyard	17250	mộc trường
目	曲目	きょくもく	n	name of a piece of music; (musical) number	7252	khúc mục
目	項目	こうもく	n	item; heading; category; clause	8723	hạng mục
目	細目	さいもく	n	particulars; details; specified items	9170	tới mục
目	蛇の目	じゃのめ	n	bull's-eye (pattern); double ring (pattern)	10143	xà mục
目	種目	しゅもく	n	item; event	10336	chõng mục
目	選択科目	せんたくかもく	n	elective subject or course	12507	tuyển ? khoa mục
目	多目的	たもくてき	adj-na	multipurpose	13020	đa mục đích
目	駄目	だめ	adj-na	no good; not serving its purpose; useless; broken	13065	? mục
目	着目	ちゃくもく	n	attention; giving one's attention; focusing	13636	? mục
目	注目	ちゅうもく	n	notice; attention; observation	13739	chú mục
目	丁目	ちょうめ	n	district of a town; city block (of irregular size)	13767	đinh mục
目	二枚目	にまいめ	n	handsome man	14912	nhì mai mục
友	友情	ゆうじょう	n	friendship; fellowship; camaraderie	17424	hữu tình
友	友人	ゆうじん	n	friend	17425	hữu nhân
友	友達	ともだち	n	friend; companion	17426	hữu đạt
友	僚友	りょうゆう	n	colleague; workmate; comrade; coworker	17907	liêu hữu
友	戦友	せんゆう	n	comrade in arms; war buddy; fellow soldier	21331	? hữu
来	去来	きょらい	n	coming and going; recurring (esp. thoughts)	6983	khứ ?
来	元来	がんらい	adv	originally; essentially; naturally; by nature; really; actually	7984	nguyên ?
来	古来	こらい	adv	from ancient times; from old times; from time immemorial	8136	cổ ?
来	行ったり来たり	いったりきたり	exp	going to and fro; back and forth	8673	hàng ?
来	再来	さいらい	n	return; coming back	9084	tái ?
来	再来月	さらいげつ	n	month after next	9085	tái ? nguyệt
来	再来年	さらいねん	n	year after next	9087	tái ? nên
来	在来	ざいらい	n	pre-existing; already there; conventional	9196	tại ?
来	従来	じゅうらい	n	up to now; so far	10571	? ?
来	出来	しゅったい	n	occurrence; happening; taking place	10714	xuất ?
来	出来	でき	n	workmanship; craftsmanship; execution; finish	10715	xuất ?
来	出来る	できる	v1	to be able to do; to be possible; to be permitted (to do)	10716	xuất ?
立	県立	けんりつ	adj-no	prefectural; managed by a prefectural government	7901	? lập
立	孤立	こりつ	n	isolation; being alone; being friendless	8161	cô lập
立	公立	こうりつ	n	public (institution)	8425	công lập
立	国立	こくりつ	adj-no	national; founded and run by the central government	8883	? lập
立	際立つ	きわだつ	v5t	to be prominent; to be conspicuous; to stand out; to be outstanding; to be remarkable; to be striking; to be notable	9185	? lập
立	仕立て	したて	n	tailoring; sewing; cut	9452	sĩ lập
立	仕立てる	したてる	v1	to tailor; to make (clothing)	9453	sĩ lập
立	市立	しりつ	n	municipal; city	9557	thị lập
立	私立	しりつ	n	private (establishment)	9673	tư lập
立	自立	じりつ	n	independence; self-reliance	9957	tự lập
立	手立て	てだて	n	means; method	10318	thủ lập
立	樹立	じゅりつ	n	establishment; founding; setting (a record)	10405	thụ lập
六	二十六日	にじゅうろくにち	n	26th day of the month	22329	nhì thập lục nhật
話	作り話	つくりばなし	n	fiction; made-up story; fable; fabrication; myth	9226	tác thoại
話	実話	じつわ	n	true story	10071	? thoại
話	手話	しゅわ	n	sign language	10319	thủ thoại
話	受話器	じゅわき	n	(telephone) receiver	10390	thụ thoại khí
話	神話	しんわ	n	myth; mythology	11575	thần thoại
話	世話	せわ	n	care; looking after; help; assistance; aid	11898	thế thoại
話	世話人	せわにん	n	sponsor; manager; caretaker	11899	thế thoại nhân
話	昔話	むかしばなし	n	old tale; folk tale; legend	12204	tích thoại
話	挿話	そうわ	n	episode; side story; story within a story; aside; anecdote	12723	thọc thoại
話	対話	たいわ	n	dialogue; conversation; talk; discussion; communication	13112	? thoại
話	談話	だんわ	n	talk; conversation; dialogue	13511	đàm thoại
話	長話	ながばなし	n	long talk	13881	trường thoại
