kanji_char	word	reading	pos	en_gloss	frequency_rank	han_viet	vi_meaning
安	安い	やすい	adj-i	cheap; inexpensive	4602	an	rẻ
安	安っぽい	やすっぽい	adj-i	cheap-looking; tawdry; insignificant	4603	an	rẻ tiền, kém chất lượng
安	安らか	やすらか	adj-na	peaceful; tranquil; calm; restful	4604	an	bình yên, thanh thản
安	安らぎ	やすらぎ	n	peace (of mind); tranquility; tranquillity; serenity	4605	an	sự bình yên, thanh thản
安	安易	あんい	adj-na	easy; simple	4606	an dịch	dễ dàng, đơn giản
安	安価	あんか	adj-na	low-priced; cheap; inexpensive	4607	an ?	giá rẻ
安	安楽死	あんらくし	n	euthanasia	4608	an ? tợ	an tử, cái chết êm dịu
安	安住	あんじゅう	n	living in peace; living a quiet life	4609	an trú	sống yên ổn
一	一	いち	num	one; 1	4802	nhất	một
一	一つ	ひとつ	num	one	4803	nhất	một (cái)
一	一つ一つ	ひとつひとつ	adv	one-by-one; separately; in detail	4804	nhất nhất	từng cái một
一	一握り	ひとにぎり	n	a handful (of)	4805	nhất ?	một nhúm, một nắm
一	一安心	ひとあんしん	n	feeling of relief (for the time being); peace of mind (for now)	4806	nhất an tâm	tạm yên tâm, thở phào
一	一位	いちい	n	first place; first rank	4807	nhất vị	hạng nhất, vị trí số một
一	一員	いちいん	n	one person; one member	4808	nhất viên	một thành viên
一	一因	いちいん	n	one cause; one reason; one factor	4809	nhất nhân	một nguyên nhân, một lý do
飲	飲む	のむ	v5m	to drink; to swallow; to take (medicine)	5028	ẩm	uống
飲	飲酒	いんしゅ	n	drinking alcohol	5029	ẩm ?	uống rượu
飲	飲酒運転	いんしゅうんてん	n	drunk driving; drink-driving; driving while intoxicated; drinking and driving; driving under the influence (of alcohol)	5030	ẩm ? vận ?	lái xe khi say rượu
飲	飲食	いんしょく	n	food and drink; eating and drinking	5031	ẩm ?	ăn uống
飲	飲食店	いんしょくてん	n	restaurant	5032	ẩm ? điếm	quán ăn, nhà hàng
飲	飲料	いんりょう	n	beverage; drink	5033	ẩm liệu	đồ uống
飲	飲料水	いんりょうすい	n	drinking water	5034	ẩm liệu thuỷ	nước uống
飲	飲み込む	のみこむ	v5m	to swallow; to gulp down	19446	ẩm ?	nuốt
右	右	みぎ	n	right; right-hand side	5049	hữu	bên phải
右	右往左往	うおうさおう	n	moving about in confusion; going every which way; going this way and that	5050	hữu vãng tả vãng	chạy loạn xạ, lúng túng
右	右下	みぎした	n	lower right	5051	hữu hạ	góc dưới phải
右	右手	みぎて	n	right hand	5052	hữu thủ	tay phải
右	右上	みぎうえ	n	upper right	5053	hữu thượng	góc trên phải
右	右折	うせつ	n	turning to the right; right turn	5054	hữu chiết	rẽ phải
右	右足	みぎあし	n	right foot	5055	hữu túc	chân phải
右	右派	うは	n	right wing	5056	hữu phái	phái hữu, cánh hữu
雨	雨	あめ	n	rain	5070	?	mưa
雨	雨雲	あまぐも	n	rain cloud	5071	? vân	mây mưa
雨	雨具	あまぐ	n	rain gear	5072	? cụ	đồ đi mưa
雨	雨戸	あまど	n	sliding storm shutter	5073	? ?	cửa chống mưa
雨	雨宿り	あまやどり	n	taking shelter from rain	5074	? túc	trú mưa
雨	雨天	うてん	n	rainy weather	5075	? thiên	trời mưa
雨	雨量	うりょう	n	(amount of) rainfall	5076	? ?	lượng mưa
雨	雨漏り	あまもり	n	roof leak	5077	? lậu	dột (mái nhà)
駅	駅	えき	n	railway station; train station	5165	?	ga
駅	駅員	えきいん	n	(train) station attendant; station employee; station staff	5166	? viên	nhân viên nhà ga
駅	駅前	えきまえ	n	in front of a station	5167	? tiền	trước ga
駅	駅長	えきちょう	n	station master	5168	? trường	trưởng ga
駅	駅伝	えきでん	n	long-distance relay race	5169	? ?	chạy tiếp sức đường dài
駅	駅弁	えきべん	n	boxed lunch bought at a station (often a local specialty)	5170	? ?	cơm hộp bán ở ga
駅	終着駅	しゅうちゃくえき	n	terminal station	10476	chung ? ?	ga cuối
駅	宿駅	しゅくえき	n	relay station; post station; stage	20720	túc ?	trạm dịch
円	一円	いちえん	n	one yen	4810	nhất ?	một yên
円	円	えん	n	yen (currency of Japan)	5177	?	yên (tiền tệ Nhật)
円	円安	えんやす	n	depreciation of the yen; weak yen	5178	? an	đồng yên giảm giá
円	円建て	えんだて	n	yen basis (for trade, exchange, etc.)	5179	? kiến	tính theo đồng yên
円	円弧	えんこ	n	arc	5180	? ?	cung tròn
円	円高	えんだか	n	appreciation of the yen; strong yen	5181	? cao	đồng yên tăng giá
円	円周	えんしゅう	n	circumference	5182	? chu	chu vi đường tròn
円	円熟	えんじゅく	n	ripeness; mellowness; maturity	5183	? thục	chín muồi, thuần thục
下	ぶら下がる	ぶらさがる	v5r	to hang down (from); to dangle; to swing; to be suspended	403	hạ	treo lủng lẳng, đu đưa
下	ぶら下げる	ぶらさげる	v1	to hang; to suspend; to dangle; to swing; to carry	404	hạ	treo lên, đeo lủng lẳng
下	以下	いか	n-suf	not exceeding ...; not more than ...; ... and under; ... and below; ... or fewer	4643	? hạ	... trở xuống, dưới ...
下	引き下げ	ひきさげ	n	reduction; cut	5005	dẫn hạ	hạ xuống, giảm
下	右下	みぎした	n	lower right	5051	hữu hạ	góc dưới phải
下	下	した	n	below; down; under; younger (e.g. daughter)	5402	hạ	dưới, ở dưới
下	下がる	さがる	v5r	to come down; to go down; to fall; to drop; to sink; to get lower	5403	hạ	hạ xuống, giảm xuống
下	下げる	さげる	v1	to hang; to suspend; to wear (e.g. decoration)	5404	hạ	hạ, treo, đeo (đồ trang trí)
何	如何にも	いかにも	adv	indeed; really; truly; just (like)	18	như ?	quả thật, đúng là
何	何方でも	どなたでも	adv	anyone	333	? phương	bất kỳ ai
何	何故なら	なぜなら	conj	because; the reason is; if you want to know why	343	? cố	bởi vì
何	何故ならば	なぜならば	conj	because; for; the reason why is ...	344	? cố	bởi vì, lý do là
何	何か	なにか	pn	something; some; any	5469	?	cái gì đó
何	何しろ	なにしろ	adv	in any case; at any rate; anyhow; anyway; as you know; for you see; particularly	5470	?	dù sao thì, dù gì
何	何だか	なんだか	adv	(a) little; somewhat; somehow	5471	?	không hiểu sao, có vẻ
何	何だかんだ	なんだかんだ	adv	something or other; one thing or another; this or that	5472	?	thế này thế kia
火	下火	したび	n	burning low; waning; declining	5415	hạ hoả	(lửa) tàn, suy giảm
火	火	ひ	n	fire; flame; blaze	5617	hoả	lửa
火	火炎瓶	かえんびん	n	Molotov cocktail; petrol bomb; gasoline bomb	5618	hoả viêm bình	bom xăng
火	火花	ひばな	n	spark	5619	hoả hoa	tia lửa
火	火器	かき	n	firearms; guns	5620	hoả khí	hỏa khí, súng
火	火災	かさい	n	conflagration; fire	5621	hoả tai	hỏa hoạn
火	火災保険	かさいほけん	n	fire insurance	5622	hoả tai bảo ?	bảo hiểm cháy nổ
火	火山	かざん	n	volcano	5623	hoả sơn	núi lửa
花	火花	ひばな	n	spark	5619	hoả hoa	tia lửa
花	花	はな	n	flower; blossom; bloom; petal	5640	hoa	hoa
花	花びら	はなびら	n	petal	5641	hoa	cánh hoa
花	花屋	はなや	n	florist; flower shop	5642	hoa ốc	tiệm hoa
花	花嫁	はなよめ	n	bride	5643	hoa giá	cô dâu
花	花火	はなび	n	fireworks	5644	hoa hoả	pháo hoa
花	花形	はながた	n	floral pattern; flourish; ornament	5645	hoa hình	họa tiết hoa, ngôi sao (nổi bật)
花	花見	はなみ	n	cherry blossom viewing; flower viewing	5646	hoa kiến	ngắm hoa anh đào
会	委員会	いいんかい	n	committee; commission; board; panel; committee meeting	4668	uỷ viên hội	ủy ban
会	医師会	いしかい	n	medical association	4787	? sư hội	hội y khoa
会	運動会	うんどうかい	n	athletic meet (esp. at a school); sports day; field day; sports festival	5101	vận động hội	hội thao
会	英会話	えいかいわ	n	English conversation	5142	anh hội thoại	hội thoại tiếng Anh
会	宴会	えんかい	n	party; banquet; reception; feast; dinner	5194	yến hội	tiệc, yến tiệc
会	演奏会	えんそうかい	n	concert; recital	5220	diễn tấu hội	buổi hòa nhạc
会	会	かい	n	meeting; assembly; party; gathering; conference; athletic meet	5731	hội	cuộc họp, hội, buổi gặp
会	会う	あう	v5u	to meet; to encounter; to see	5732	hội	gặp, gặp gỡ
外	この外	このほか	conj	besides; moreover; in addition	170	ngoại	ngoài ra, hơn nữa
外	その外	そのほか	exp	the rest; the others	250	ngoại	những cái còn lại
外	案外	あんがい	adv	unexpectedly; surprisingly	4638	an ngoại	bất ngờ, ngoài dự đoán
外	以外	いがい	n-suf	excluding; except (for); apart from; other than; besides; in addition to	4644	? ngoại	ngoài ra, ngoại trừ
外	意外	いがい	adj-na	unexpected; surprising	4677	ý ngoại	bất ngờ
外	域外	いきがい	n	outside the area	4795	vực ngoại	ngoài khu vực
外	屋外	おくがい	n	outdoors; outside	5356	ốc ngoại	ngoài trời
外	海外	かいがい	n	foreign; abroad; overseas	5864	hải ngoại	hải ngoại, nước ngoài
学	医学	いがく	n	medicine; medical science	4783	? ?	y học
学	医学部	いがくぶ	n	faculty of medicine; college of medicine; department of medicine; school of medicine; medical school	4784	? ? bộ	khoa y
学	英文学	えいぶんがく	n	English(-language) literature	5150	anh văn ?	văn học Anh
学	化学	かがく	n	chemistry	5452	hoá ?	hóa học
学	化学肥料	かがくひりょう	n	chemical fertilizer; chemical fertiliser	5453	hoá ? phì liệu	phân bón hóa học
学	化学兵器	かがくへいき	n	chemical weapon	5454	hoá ? binh khí	vũ khí hóa học
学	科学	かがく	n	science	5586	khoa ?	khoa học
学	科学技術	かがくぎじゅつ	n	science and technology; technology; scientific techniques	5587	khoa ? kĩ thuật	khoa học công nghệ
間	あっという間に	あっというまに	exp	in an instant; in a flash; in the blink of an eye; in no time at all; just like that	7	gian	trong chớp mắt
間	この間	このあいだ	n	the other day; lately; recently; during this period	171	gian	hôm trước, dạo gần đây
間	一時間	いちじかん	n	one hour	4854	nhất thì gian	một giờ đồng hồ
間	一週間	いっしゅうかん	n	one week	4863	nhất chu gian	một tuần
間	一年間	いちねんかん	n	(period of) one year	4924	nhất nên gian	suốt một năm
間	宇宙空間	うちゅうくうかん	n	(outer) space	5061	vũ trụ không gian	không gian vũ trụ
間	営業時間	えいぎょうじかん	n	business hours; opening hours; office hours	5117	? nghiệp thì gian	giờ làm việc, giờ mở cửa
間	いつの間にか	いつのまにか	adv	before one knows; before one becomes aware of; unnoticed; unawares	5488	gian	không biết tự lúc nào
気	お天気	おてんき	n	weather	86	thiên ?	thời tiết
気	悪気	わるぎ	n	ill will; malice; evil intent	4567	? ?	ác ý
気	意気	いき	n	spirit; heart; disposition	4678	ý ?	tinh thần, khí phách
気	意気込む	いきごむ	v5m	to be enthusiastic (about); to be eager (to do); to be keen; to be intent (on); to be determined	4679	ý ? ?	hăng hái, nhiệt tình
気	意気地	いくじ	n	self-respect; self-confidence; guts; backbone; pride; drive; willpower	4680	ý ? địa	ý chí, bản lĩnh
気	一気	いっき	n	one breath	4826	nhất ?	một hơi
気	一気に	いっきに	adv	in one go; in one gulp; in one breath; without stopping; without pausing; without a rest; in one sitting; at a stretch	4827	nhất ?	một hơi, liền một mạch
気	陰気	いんき	adj-na	gloomy; dismal; miserable; melancholy	5036	âm ?	u ám, ảm đạm
休	お休みなさい	おやすみなさい	exp	good night	54	hưu	chúc ngủ ngon
休	一休み	ひとやすみ	n	(short) rest; breather; break	4829	nhất hưu	nghỉ một chút
休	運休	うんきゅう	n	suspension (of a transportation service); cancellation; stoppage	5092	vận hưu	tạm dừng (chuyến tàu, xe)
休	夏休み	なつやすみ	n	summer vacation; summer holiday	5543	? hưu	kỳ nghỉ hè
休	休する	きゅうする	vs-s	to come to an end	6866	hưu	kết thúc
休	休まる	やすまる	v5r	to be rested; to feel at ease; to repose; to be relieved	6867	hưu	được nghỉ ngơi, thư thái
休	休み	やすみ	n	rest; recess; respite	6868	hưu	nghỉ, ngày nghỉ
休	休む	やすむ	v5m	to be absent; to take a day off	6869	hưu	nghỉ, vắng mặt
魚	魚屋	さかなや	n	fish market; fish dealer; fishmonger	7028	ngư ốc	tiệm cá, người bán cá
魚	魚介	ぎょかい	n	marine products; seafood; fish and shellfish	7029	ngư giới	hải sản
魚	魚介類	ぎょかいるい	n	marine products; seafood; fish and shellfish	7030	ngư giới loại	các loại hải sản
魚	魚群	ぎょぐん	n	school of fish; shoal of fish	7031	ngư quần	đàn cá
魚	魚市場	うおいちば	n	fish market	7032	ngư thị trường	chợ cá
魚	魚肉	ぎょにく	n	fish meat	7033	ngư ?	thịt cá
魚	魚雷	ぎょらい	n	torpedo	7034	ngư lôi	ngư lôi
魚	魚類	ぎょるい	n	fish; fishes	7035	ngư loại	loài cá
金	お金	おかね	n	money	55	kim	tiền
金	一時金	いちじきん	n	single amount (of money); one-off payment; lump sum	4855	nhất thì kim	khoản tiền một lần
金	黄金	おうごん	n	gold (Au)	5348	hoàng kim	vàng
金	黄金時代	おうごんじだい	n	golden age	5349	hoàng kim thì đại	thời kỳ hoàng kim
金	課徴金	かちょうきん	n	charges (i.e. fees)	5675	khoá ? kim	phí phạt, phí thu
金	換金	かんきん	n	realization (of goods into money); conversion (into money); liquidation	6303	? kim	đổi ra tiền
金	基金	ききん	n	fund; foundation	6529	cơ kim	quỹ
金	寄金	ききん	n	contribution; donation	6551	gửi kim	tiền đóng góp, quyên góp
九	九つ	ここのつ	num	nine	7366	cửu	chín (cái)
九	九九	くく	n	multiplication table; times table	7367	cửu cửu	bảng cửu chương
九	九月	くがつ	n	September	7368	cửu nguyệt	tháng Chín
九	九州	きゅうしゅう	n	Kyūshū (southernmost of the four main islands of Japan)	7369	cửu châu	Kyushu
九	九重	ここのえ	n	ninefold	7370	cửu trọng	chín lớp
九	九日	ここのか	n	9th day of the month	7371	cửu nhật	ngày mùng 9
九	十九	じゅうきゅう	num	nineteen; 19	10546	thập cửu	mười chín
九	九	きゅう	num	nine; 9	18471	cửu	chín
空	宇宙空間	うちゅうくうかん	n	(outer) space	5061	vũ trụ không gian	không gian vũ trụ
空	架空	かくう	adj-no	fictitious; imaginary; fanciful; fabricated	5601	giá không	hư cấu, tưởng tượng
空	空ける	あける	v1	to empty; to remove; to make space; to make room	5910	không	để trống, làm trống
空	虚空	こくう	n	empty space; empty sky	7008	hư không	không trung, hư không
空	空	から	n	emptiness; being empty	7429	không	trống rỗng
空	空	そら	n	sky; the air; the heavens	7430	không	trống rỗng
空	空き缶	あきかん	n	empty can	7431	không phẫu	lon rỗng
空	空き地	あきち	n	vacant land; unoccupied ground; empty lot	7432	không địa	đất trống
月	１月	いちがつ	n	January	4836	nguyệt	tháng Một
月	一月	ひとつき	n	one month	4837	nhất nguyệt	một tháng
月	ヶ月	かげつ	ctr	counter for months	5639	nguyệt	(đếm) tháng
月	隔月	かくげつ	n	every second month; every other month	6078	cách nguyệt	cách tháng
月	旧正月	きゅうしょうがつ	n	lunar New Year (esp. the Chinese New Year)	6971	? chính nguyệt	Tết âm lịch
月	９月	くがつ	n	September	7368	nguyệt	tháng Chín
月	月	つき	n	Moon	7774	nguyệt	mặt trăng, tháng
月	月額	げつがく	n	monthly sum; monthly amount	7775	nguyệt ngạch	số tiền hàng tháng
見	見す見す	みすみす	adv	before one's own eyes; from under one's very nose; without doing anything; without resistance; helplessly; negligently; knowingly	427	kiến kiến	ngay trước mắt (mà bất lực)
見	意見	いけん	n	opinion; view; comment	4682	ý kiến	ý kiến
見	一見	いっけん	n	look; glimpse; glance	4839	nhất kiến	thoáng nhìn, nhìn qua
見	下見	したみ	n	preliminary inspection; having a look in advance	5420	hạ kiến	khảo sát trước, xem trước
見	花見	はなみ	n	cherry blossom viewing; flower viewing	5646	hoa kiến	ngắm hoa anh đào
見	会見	かいけん	n	interview; audience; meeting; (viewing) party	5740	hội kiến	cuộc gặp, họp báo
見	外見	がいけん	n	outward appearance; looks	5963	ngoại kiến	bề ngoài
見	垣間見る	かいまみる	v1	to take a peep at; to catch a glimpse of	6014	? gian kiến	thoáng thấy
言	こう言う	こういう	adj-pn	such; this sort of; like this	155	ngôn	kiểu thế này, như vầy
言	と言うもの	というもの	exp	something like ...; something called ...	307	ngôn	cái gọi là, cái mà
言	と言えば	といえば	exp	speaking of ...	318	ngôn	nói đến, nhắc đến
言	遺言	ゆいごん	n	will; testament; one's dying wish; one's last words	4763	di ngôn	di ngôn, lời trăng trối
言	過言	かごん	n	exaggeration; overstatement; saying too much	5688	quá ngôn	nói quá, cường điệu
言	甘言	かんげん	n	sweet words; smooth talk; cajolery; flattery; sycophancy	6331	cam ngôn	lời ngọt, lời tâng bốc
言	狂言	きょうげん	n	kyogen; farce presented between noh plays or during the interlude of a noh play	7184	cuồng ngôn	kịch kyogen
言	苦言	くげん	n	candid advice; frank advice; honest opinion; exhortation; harsh but honest advice	7393	khổ ngôn	lời khuyên thẳng thắn
古	稽古	けいこ	n	practice; practising; training; study	7594	ghê cổ	luyện tập, rèn luyện
古	古	いにしえ	n	antiquity; ancient times; bygone days; former times	8119	cổ	cổ, thời xa xưa
古	古い	ふるい	adj-i	old; aged; ancient; antiquated; antique; timeworn	8120	cổ	cũ, cổ
古	古語	こご	n	archaic word; obsolete word; archaism	8121	cổ ngữ	từ cổ
古	古今	ここん	n	ancient and modern times; all ages; past and present	8122	cổ kim	xưa nay, cổ kim
古	古参	こさん	n	senior; veteran; old-timer	8123	cổ ?	người kỳ cựu
古	古臭い	ふるくさい	adj-i	stale; old fashioned; hackneyed; trite; antiquated; obsolete; musty; outdated	8124	cổ xú	cổ lỗ, lỗi thời
古	古書	こしょ	n	old book; rare book; classic	8125	cổ thư	sách cổ, sách cũ
五	五	ご	num	five; 5	8206	ngũ	năm
五	五つ	いつつ	num	five	8207	ngũ	năm (cái)
五	五感	ごかん	n	the five senses	8208	ngũ cảm	ngũ giác
五	五月	ごがつ	n	May	8209	ngũ nguyệt	tháng Năm
五	五十音	ごじゅうおん	n	the Japanese syllabary	8210	ngũ thập âm	bảng chữ cái Nhật (50 âm)
五	五十三次	ごじゅうさんつぎ	n	fifty-three stations on the Tōkaidō (Edo-Kyoto highway in Edo-period Japan)	8211	ngũ thập tam thứ	53 trạm dịch (Tokaido)
五	五体	ごたい	n	the whole body	8212	ngũ thể	toàn thân
五	五日	いつか	n	5th day of the month	8213	ngũ nhật	ngày mùng 5
午	午	うま	n	the Horse (seventh sign of the Chinese zodiac)	8222	ngọ	năm Ngọ
午	午後	ごご	n	afternoon; p.m.	8223	ngọ hậu	chiều, buổi chiều
午	午前	ごぜん	n	morning; a.m.	8224	ngọ tiền	sáng, buổi sáng
午	午前中	ごぜんちゅう	n	in the morning; during the morning	8225	ngọ tiền trung	trong buổi sáng
午	正午	しょうご	n	noon; midday	12004	chính ngọ	giữa trưa
後	以後	いご	n	after this; from now on; hereafter	4645	? hậu	từ nay trở đi, sau này
後	午後	ごご	n	afternoon; p.m.	8223	ngọ hậu	chiều, buổi chiều
後	後	あと	n	behind; rear	8231	hậu	sau, phía sau
後	後	のち	n	later; afterwards	8232	hậu	sau, phía sau
後	後ろ	うしろ	n	back; behind; rear	8233	hậu	phía sau, sau lưng
後	後ろ姿	うしろすがた	n	(a person's) appearance from behind; person as seen from behind; back view; retreating figure	8234	hậu tư	dáng nhìn từ sau lưng
後	後ろ盾	うしろだて	n	backing; support; backer; supporter; patron; sponsor	8235	hậu thuẫn	chỗ dựa, người hậu thuẫn
後	後遺症	こういしょう	n	prognostic symptoms; after-effect; sequela	8236	hậu di chứng	di chứng
語	スペイン語	スペインご	n	Spanish (language)	2052	ngữ	tiếng Tây Ban Nha
語	スワヒリ語	スワヒリご	n	Swahili (language); Kiswahili	2104	ngữ	tiếng Swahili
語	ドイツ語	ドイツご	n	German (language)	2572	ngữ	tiếng Đức
語	フランス語	フランスご	n	French (language)	3312	ngữ	tiếng Pháp
語	ラテン語	ラテンご	n	Latin (language)	4198	ngữ	tiếng Latinh
語	隠語	いんご	n	secret language; jargon; cant; argot; slang	5044	? ngữ	tiếng lóng
語	英語	えいご	n	English (language)	5144	anh ngữ	tiếng Anh
語	英単語	えいたんご	n	English word	5148	anh ? ngữ	từ vựng tiếng Anh
口	異口同音	いくどうおん	n	(saying) with one voice; unanimously; in chorus; in unison; as one	4715	? khẩu đồng âm	đồng thanh, nhất trí
口	一口	ひとくち	n	mouthful; morsel; bite	4845	nhất khẩu	một miếng, một ngụm
口	陰口	かげぐち	n	malicious gossip; backbiting; speaking ill behind someone's back	5037	âm khẩu	nói xấu sau lưng
口	改札口	かいさつぐち	n	ticket barrier; ticket gate; wicket	5842	? trát khẩu	cửa soát vé
口	開口	かいこう	n	opening; aperture (e.g. camera)	5919	khai khẩu	mở miệng, lỗ mở
口	間口	まぐち	n	frontage; width (of a building, plot of land, etc.)	6418	gian khẩu	mặt tiền (nhà, đất)
口	戸口	とぐち	n	door; doorway	8165	? khẩu	cửa ra vào
口	語り口	かたりくち	n	way of reciting; way of telling a story	8297	ngữ khẩu	cách kể chuyện
校	開校	かいこう	n	opening a school	5920	khai chò	khai trường
校	学校	がっこう	n	school	6097	? chò	trường học
校	休校	きゅうこう	n	(temporary) closure of school	6878	hưu chò	nghỉ học (toàn trường)
校	校閲	こうえつ	n	revision; proofreading	8576	chò duyệt	hiệu đính, soát lỗi
校	校歌	こうか	n	school song; college song; school anthem	8577	chò ca	bài ca của trường
校	校旗	こうき	n	school flag	8578	chò cờ	cờ của trường
校	校舎	こうしゃ	n	school building; schoolhouse	8579	chò ?	tòa nhà trường học
校	校正	こうせい	n	proofreading	8580	chò chính	hiệu đính, in thử
行	移行	いこう	n	transition; changeover; switchover; shift	4734	dời hàng	chuyển đổi, chuyển sang
行	一方通行	いっぽうつうこう	n	one-way traffic	4954	nhất phương thông hàng	đường một chiều
行	宇宙飛行士	うちゅうひこうし	n	astronaut	5062	vũ trụ phi hàng sĩ	phi hành gia
行	運行	うんこう	n	operation (of a bus or train service); service; running	5094	vận hàng	vận hành (tuyến xe, tàu)
行	雲行き	くもゆき	n	weather; look of the sky	5110	vân hàng	tình hình thời tiết, chiều hướng
行	奥行き	おくゆき	n	depth; length	5276	? hàng	chiều sâu
行	横行	おうこう	n	being rampant; being widespread; being prevalent	5310	hoạnh hàng	hoành hành, lan tràn
行	刊行	かんこう	n	publication; issue	6218	san hàng	xuất bản, phát hành
高	円高	えんだか	n	appreciation of the yen; strong yen	5181	? cao	đồng yên tăng giá
高	可能性が高い	かのうせいがたかい	exp	very likely; very probable	5539	khả năng tính cao	khả năng cao
高	甲高い	かんだかい	adj-i	high-pitched; shrill	8604	giáp cao	the thé, chói tai
高	高い	たかい	adj-i	high; tall	8729	cao	cao, đắt
高	高さ	たかさ	n	height; altitude; elevation; level	8730	cao	chiều cao, độ cao
高	高まる	たかまる	v5r	to rise; to swell; to be promoted	8731	cao	dâng lên, tăng lên
高	高める	たかめる	v1	to raise; to lift; to boost; to enhance	8732	cao	nâng cao
高	高圧	こうあつ	n	high voltage; high pressure	8733	cao ?	cao áp, áp lực cao
国	アメリカ合衆国	アメリカがっしゅうこく	n	United States of America	4539	hợp ? ?	Hợp chủng quốc Hoa Kỳ
国	愛国	あいこく	n	love of one's country; patriotism	4552	? ?	yêu nước, ái quốc
国	異国	いこく	n	foreign country	4716	? ?	nước ngoài, dị quốc
国	一国	いっこく	n	one country	4848	nhất ?	một nước
国	英国	えいこく	n	United Kingdom; Britain; Great Britain	5145	anh ?	nước Anh
国	王国	おうこく	n	kingdom; monarchy	5333	vương ?	vương quốc
国	開発途上国	かいはつとじょうこく	n	developing country	5936	khai ? đồ thượng ?	nước đang phát triển
国	外国	がいこく	n	foreign country	5966	ngoại ?	nước ngoài
今	古今	ここん	n	ancient and modern times; all ages; past and present	8122	cổ kim	xưa nay, cổ kim
今	今	いま	n	now; the present time; just now; soon; immediately	8926	kim	bây giờ
今	今に	いまに	adv	before long; even now	8927	kim	chẳng bao lâu nữa
今	今にも	いまにも	adv	at any moment (now); at any minute; on the verge of (doing); just about to	8928	kim	sắp, sắp sửa
今	今や	いまや	adv	now (esp. in contrast to the past); now at last; at present; right now	8929	kim	giờ đây
今	今一	いまいち	adv	not quite (right); not very good; somewhat (lacking)	8930	kim nhất	chưa đạt, hơi thiếu
今	今夏	こんか	n	this summer; next summer; last summer	8931	kim ?	mùa hè này
今	今回	こんかい	n	this time; now	8932	kim hồi	lần này
左	右往左往	うおうさおう	n	moving about in confusion; going every which way; going this way and that	5050	hữu vãng tả vãng	chạy loạn xạ, lúng túng
左	左	ひだり	n	left; left-hand side	8997	tả	bên trái
左	左右	さゆう	n	left and right; right and left	8998	tả hữu	trái phải
左	左記	さき	n	undermentioned (statement); the following; at left	8999	tả kí	như trên (trong văn bản)
左	左手	ひだりて	n	left hand	9000	tả thủ	tay trái
左	左上	ひだりうえ	n	upper left	9001	tả thượng	góc trên trái
左	左折	させつ	n	turning to the left; left turn	9002	tả chiết	rẽ trái
左	左遷	させん	n	demotion; relegation; reduction in rank; degradation; downward move	9003	tả thiên	giáng chức
三	五十三次	ごじゅうさんつぎ	n	fifty-three stations on the Tōkaidō (Edo-Kyoto highway in Edo-period Japan)	8211	ngũ thập tam thứ	53 trạm dịch (Tokaido)
三	再三	さいさん	adv	again and again; repeatedly	9074	tái tam	nhiều lần, lặp đi lặp lại
三	三つ	みっつ	num	three	9301	tam	ba (cái)
三	三回	さんかい	n	three times	9302	tam hồi	ba lần
三	三角	さんかく	n	triangle; triangular shape	9303	tam góc	hình tam giác
三	三月	さんがつ	n	March	9304	tam nguyệt	tháng Ba
三	三権	さんけん	n	the three powers of government (legislative, executive and judicial)	9305	tam ?	tam quyền
三	三時	さんじ	n	3 o'clock	9306	tam thì	3 giờ
山	奥山	おくやま	n	remote mountain; mountain recesses	5277	? sơn	núi sâu, núi xa
山	下山	げざん	n	descending a mountain; descent	5424	hạ sơn	xuống núi
山	火山	かざん	n	volcano	5623	hoả sơn	núi lửa
山	火山灰	かざんばい	n	volcanic ash	5624	hoả sơn hôi	tro núi lửa
山	岩山	いわやま	n	rocky mountain	6479	nham sơn	núi đá
山	鉱山	こうざん	n	mine (ore)	8709	? sơn	mỏ (khoáng sản)
山	高山	こうざん	n	high mountain; alpine mountain	8750	cao sơn	núi cao
山	山	やま	n	mountain; hill	9350	sơn	núi
四	四つ	よっつ	num	four; 4	9489	tứ	bốn (cái)
四	四つ角	よつかど	n	four corners	9490	tứ góc	ngã tư
四	四角	しかく	adj-na	quadrilateral; square	9491	tứ góc	hình vuông, tứ giác
四	四角い	しかくい	adj-i	square; rectangular	9492	tứ góc	vuông, hình vuông
四	四季	しき	n	the four seasons	9493	tứ quí	bốn mùa
四	四球	しきゅう	n	base on balls; walk; pass	9494	tứ cầu	đi bộ (bóng chày)
四	四隅	よすみ	n	four corners	9495	tứ ?	bốn góc
四	四月	しがつ	n	April	9496	tứ nguyệt	tháng Tư
子	お菓子	おかし	n	confections; sweets; candy; cake	49	? tí	bánh kẹo
子	お子様	おこさま	n	(another's) child	64	tí ?	con (của người khác)
子	ドラ息子	どらむすこ	n	lazy son; profligate son	2597	tức tí	đứa con hư hỏng
子	椅子	いす	n	chair; seat; stool; bench	4702	? tí	ghế
子	遺伝子	いでんし	n	gene	4777	di ? tí	gene, di truyền
子	一人息子	ひとりむすこ	n	only son	4876	nhất nhân tức tí	con trai một
子	因子	いんし	n	factor	5003	nhân tí	nhân tố, yếu tố
子	王子	おうじ	n	prince	5335	vương tí	hoàng tử
時	ひと時	ひととき	n	a (short) time; a while; moment	4853	thì	một lát, chốc lát
時	一時間	いちじかん	n	one hour	4854	nhất thì gian	một giờ đồng hồ
時	一時金	いちじきん	n	single amount (of money); one-off payment; lump sum	4855	nhất thì kim	khoản tiền một lần
時	一時的	いちじてき	adj-na	temporary; transitory; short-lived	4856	nhất thì đích	tạm thời, nhất thời
時	営業時間	えいぎょうじかん	n	business hours; opening hours; office hours	5117	? nghiệp thì gian	giờ làm việc, giờ mở cửa
時	黄金時代	おうごんじだい	n	golden age	5349	hoàng kim thì đại	thời kỳ hoàng kim
時	何時	なんじ	n	what time; which hour	5487	? thì	mấy giờ
時	何時の間にか	いつのまにか	adv	before one knows; before one becomes aware of; unnoticed; unawares	5488	? thì gian	không biết tự lúc nào
耳	耳	みみ	n	ear	9884	nhĩ	tai
耳	耳障り	みみざわり	adj-na	hard (on the ears); offensive (to the ear); rasping; rough; harsh; grating; jarring; cacophonous	9885	nhĩ chướng	chói tai
耳	耳鼻科	じびか	n	otolaryngology; ear, nose, and throat department	9886	nhĩ ? khoa	khoa tai mũi họng
耳	耳目	じもく	n	eyes and ears; seeing and hearing	9887	nhĩ mục	mắt thấy tai nghe
耳	中耳	ちゅうじ	n	middle ear; tympanum	13669	trung nhĩ	tai giữa
耳	中耳炎	ちゅうじえん	n	otitis media; middle-ear infection	13670	trung nhĩ viêm	viêm tai giữa
耳	耳元	みみもと	n	close to the ear	20035	nhĩ nguyên	bên tai
耳	耳より	みみより	adj-na	welcome (news); inviting; encouraging; tempting; hopeful	20036	nhĩ	tin vui, đáng mừng
七	七	しち	num	seven	9975	thất	bảy
七	七つ	ななつ	num	seven	9976	thất	bảy (cái)
七	七月	しちがつ	n	July	9977	thất nguyệt	tháng Bảy
七	七五三	しちごさん	n	shichi-go-san; 7-5-3 day; festival day for children aged 7, 5 and 3 held on or around November 15	9978	thất ngũ tam	lễ Shichi-go-san (cho trẻ 7, 5, 3 tuổi)
七	七福神	しちふくじん	n	Seven Gods of Fortune; Seven Deities of Good Luck; Seven Lucky Gods	9979	thất phúc thần	thất phúc thần
七	七十	しちじゅう	num	seventy; 70	18541	thất thập	bảy mươi
七	七日	なのか	n	7th day of the month	18542	thất nhật	ngày mùng 7
七	七夕	たなばた	n	Star Festival (held in July or August); Tanabata; Festival of the Weaver	18543	thất tịch	lễ Tanabata (lễ thất tịch)
社	会社	かいしゃ	n	company; corporation; firm	5742	hội xã	công ty
社	会社員	かいしゃいん	n	company employee; office worker; white-collar worker	5743	hội xã viên	nhân viên công ty
社	株式会社	かぶしきがいしゃ	n	stock company; corporation; kabushiki kaisha; KK	6190	chò thức hội xã	công ty cổ phần
社	貴社	きしゃ	n	your company	6715	quý xã	quý công ty (kính ngữ)
社	結社	けっしゃ	n	association; society	7756	kết xã	hội, hiệp hội
社	御社	おんしゃ	n	your company	8269	ngự xã	quý công ty (kính ngữ)
社	公社	こうしゃ	n	public corporation	8386	công xã	công ty công ích
社	公社債	こうしゃさい	n	public bonds	8387	công xã trái	trái phiếu công
車	下車	げしゃ	n	alighting (from a train, bus, etc.); getting off; getting out (of a car)	5426	hạ xa	xuống xe
車	貨車	かしゃ	n	freight car; van	5678	hoá xa	toa hàng
車	外車	がいしゃ	n	foreign-made car; imported car	5970	ngoại xa	xe nhập khẩu
車	機関車	きかんしゃ	n	locomotive; engine	6601	cơ ? xa	đầu máy xe lửa
車	汽車	きしゃ	n	steam locomotive; steam train	6676	? xa	tàu hỏa hơi nước
車	客車	きゃくしゃ	n	passenger car; passenger carriage	6842	khách xa	toa hành khách
車	救急車	きゅうきゅうしゃ	n	ambulance	6929	cứu cấp xa	xe cấp cứu
車	空車	くうしゃ	n	empty conveyance; empty taxi; free taxi	7440	không xa	xe trống (không khách)
手	お手上げ	おてあげ	n	being done for; giving up; being in a hopeless situation; not knowing what to do; being brought to one's knees; throwing up (one's) hands	68	thủ thượng	bó tay, đầu hàng
手	お手洗い	おてあらい	n	toilet; restroom; lavatory; bathroom	69	thủ tẩy	nhà vệ sinh
手	お手伝いさん	おてつだいさん	n	maid	70	thủ ?	người giúp việc
手	握手	あくしゅ	n	handshake	4589	? thủ	bắt tay
手	一手	いって	n	one move (in go, shogi, etc.)	4859	nhất thủ	một nước (cờ)
手	一番手	いちばんて	n	first person (to do); person going first	4939	nhất phan thủ	người đầu tiên
手	右手	みぎて	n	right hand	5052	hữu thủ	tay phải
手	運転手	うんてんしゅ	n	driver; chauffeur	5098	vận ? thủ	tài xế
週	一週間	いっしゅうかん	n	one week	4863	nhất chu gian	một tuần
週	今週	こんしゅう	n	this week	8940	kim chu	tuần này
週	再来週	さらいしゅう	n	week after next	9086	tái ? chu	tuần sau nữa
週	週	しゅう	n	week	10498	chu	tuần
週	週刊	しゅうかん	n	weekly publication	10499	chu san	xuất bản hàng tuần
週	週刊誌	しゅうかんし	n	weekly (publication); weekly magazine; weekly journal	10500	chu san chí	tạp chí tuần
週	週間	しゅうかん	n	week	10501	chu gian	tuần
週	週末	しゅうまつ	adv	weekend	10502	chu mạt	cuối tuần
十	五十音	ごじゅうおん	n	the Japanese syllabary	8210	ngũ thập âm	bảng chữ cái Nhật (50 âm)
十	五十三次	ごじゅうさんつぎ	n	fifty-three stations on the Tōkaidō (Edo-Kyoto highway in Edo-period Japan)	8211	ngũ thập tam thứ	53 trạm dịch (Tokaido)
十	三十日	さんじゅうにち	n	30th day of the month	9308	tam thập nhật	ngày 30
十	三十八度線	さんじゅうはちどせん	n	38th parallel (that demarcates North Korea and South Korea)	9309	tam thập bát độ ?	vĩ tuyến 38
十	十一	じゅういち	num	eleven; 11	10543	thập nhất	mười một
十	十一月	じゅういちがつ	n	November	10544	thập nhất nguyệt	tháng Mười Một
十	十億	じゅうおく	num	1,000,000,000; billion	10545	thập ức	một tỷ
十	十九	じゅうきゅう	num	nineteen; 19	10546	thập cửu	mười chín
出	ことが出来る	ことができる	exp	to be able (to); to be possible (to)	165	xuất ?	có thể (làm được)
出	隠し引き出し	かくしひきだし	n	secret drawer; hidden drawer	5040	? dẫn xuất	ngăn kéo bí mật
出	演出	えんしゅつ	n	direction (of a play, film, etc.); production	5218	diễn xuất	đạo diễn, dàn dựng
出	家出	いえで	n	running away from home; elopement	5566	gia xuất	bỏ nhà ra đi
出	外出	がいしゅつ	n	going out; outing; leaving (one's home, office, etc.)	5972	ngoại xuất	đi ra ngoài
出	割り出す	わりだす	v5s	to calculate; to compute	6148	cắt xuất	tính ra, suy ra
出	救出	きゅうしゅつ	n	rescue; extricate; reclaim; deliverance	6932	cứu xuất	cứu thoát, giải cứu
出	供出	きょうしゅつ	n	obligatory supply (of goods to the government, e.g. during wartime); delivery (to the government at a fixed price, e.g. of rice)	7042	cung xuất	nộp (theo nghĩa vụ)
書	遺書	いしょ	n	note left by a dead person; suicide note; testamentary letter; will; testament	4772	di thư	di thư, thư tuyệt mệnh
書	横書き	よこがき	n	writing horizontally; horizontal writing	5312	hoạnh thư	viết ngang
書	下書き	したがき	n	draft; rough copy	5433	hạ thư	bản nháp
書	願書	がんしょ	n	(written) application; written request; petition	6498	nguyện thư	đơn đăng ký
書	教科書	きょうかしょ	n	textbook; coursebook; schoolbook	7158	giáo khoa thư	sách giáo khoa
書	教書	きょうしょ	n	message (delivered by the US president or a state governor); address	7169	giáo thư	thông điệp (của tổng thống, thống đốc)
書	筋書き	すじがき	n	synopsis; outline; plot	7301	gân thư	cốt truyện, dàn ý
書	契約書	けいやくしょ	n	(written) contract; agreement	7550	khế ước thư	hợp đồng (văn bản)
女	悪女	あくじょ	n	wicked woman	4575	? nữa	người đàn bà ác độc
女	王女	おうじょ	n	princess	5339	vương nữa	công chúa
女	皇女	こうじょ	n	imperial princess	8612	hoàng nữa	hoàng nữ, công chúa
女	三女	さんじょ	n	third daughter	9310	tam nữa	con gái thứ ba
女	子女	しじょ	n	sons and daughters; children	9531	tí nữa	con cái (trai và gái)
女	侍女	じじょ	n	lady attendant; female servant; lady's maid; waiting maid	9799	? nữa	nữ tỳ, hầu nữ
女	次女	じじょ	n	second daughter	9863	thứ nữa	con gái thứ hai
女	淑女	しゅくじょ	n	lady	10628	? nữa	quý cô
小	過小評価	かしょうひょうか	n	underestimation; undervaluation	5690	quá tiểu bình ?	đánh giá thấp
小	最小	さいしょう	adj-no	smallest (in size, degree, etc.); least; minimum; minimal	9102	tối tiểu	nhỏ nhất, tối thiểu
小	最小限	さいしょうげん	adj-no	minimum; lowest; minimal; least	9103	tối tiểu hạn	tối thiểu, ít nhất
小	山小屋	やまごや	n	mountain hut (esp. one that offers lodging to climbers and hikers); mountain cottage; mountain shanty	9359	sơn tiểu ốc	lều trên núi
小	芝居小屋	しばいごや	n	playhouse; theatre; theater	10075	chi cư tiểu ốc	rạp hát
小	縮小	しゅくしょう	n	reduction; curtailment; cut; cutback; scaling down; contraction; shrinkage	10644	? tiểu	thu nhỏ, cắt giảm
小	小さい	ちいさい	adj-i	small; little; tiny	10976	tiểu	nhỏ
小	小雨	こさめ	n	light rain; drizzle	10978	tiểu ?	mưa nhỏ, mưa phùn
少	希少	きしょう	adj-na	scarce; rare	6687	hơi thiểu	hiếm, quý hiếm
少	減少	げんしょう	n	decrease; reduction; decline	8048	giảm thiểu	giảm sút
少	最少	さいしょう	adj-no	fewest; least; smallest (number); lowest; minimum	9104	tối thiểu	ít nhất, nhỏ nhất (số lượng)
少	少尉	しょうい	n	second lieutenant; sublieutenant; ensign	10977	thiểu ?	thiếu úy
少	少し	すこし	adv	a little; a bit; a small amount; a few; some; slightly; somewhat	11020	thiểu	một chút
少	少しずつ	すこしずつ	adv	little by little; bit by bit	11021	thiểu	từng chút một
少	少しも	すこしも	adv	(not) at all; (not) a bit; (not) in the least; (not) in the slightest	11022	thiểu	không một chút nào
少	少ない	すくない	adj-i	few; little; small (amount); low; scarce; insufficient; seldom; rare	11023	thiểu	ít, hiếm
上	お手上げ	おてあげ	n	being done for; giving up; being in a hopeless situation; not knowing what to do; being brought to one's knees; throwing up (one's) hands	68	thủ thượng	bó tay, đầu hàng
上	その上	そのうえ	conj	in addition; furthermore	249	thượng	hơn nữa, ngoài ra
上	安上がり	やすあがり	adj-na	cheap; economical	4610	an thượng	tiết kiệm, rẻ
上	以上	いじょう	n-suf	not less than ...; ... and over; ... and above; ... and upwards; ... or more	4647	? thượng	... trở lên, trên ...
上	右上	みぎうえ	n	upper right	5053	hữu thượng	góc trên phải
上	炎上	えんじょう	n	going up in flames; destruction by fire (esp. of a large building)	5225	viêm thượng	bùng cháy, bị "ném đá" online
上	屋上	おくじょう	n	rooftop	5358	ốc thượng	sân thượng
上	海上	かいじょう	n	(on the) sea; surface of the sea	5871	hải thượng	trên biển
食	衣食住	いしょくじゅう	n	food, clothing and shelter; necessities of life	4752	y ? trú	ăn mặc ở
食	飲食	いんしょく	n	food and drink; eating and drinking	5031	ẩm ?	ăn uống
食	飲食店	いんしょくてん	n	restaurant	5032	ẩm ? điếm	quán ăn, nhà hàng
食	会食	かいしょく	n	eating together; dining together; having a meal together	5746	hội ?	dùng bữa cùng nhau
食	外食	がいしょく	n	eating out; dining out	5974	ngoại ?	ăn ngoài
食	間食	かんしょく	n	eating between meals; snacking	6422	gian ?	ăn vặt giữa bữa
食	給食	きゅうしょく	n	provision of lunch (e.g. at office, school, etc.); providing a meal; lunch service	6960	cấp ?	bữa ăn (trường, công ty)
食	軽食	けいしょく	n	light meal; snack; refreshments	7659	? ?	bữa nhẹ
新	スポーツ新聞	スポーツしんぶん	n	sports newspaper	2064	tân ?	báo thể thao
新	維新	いしん	n	reformation; revolution; renewal	4743	? tân	duy tân, cải cách
新	一新	いっしん	n	complete change; reform; restoration; remodeling; remodelling; renewal	4872	nhất tân	đổi mới hoàn toàn
新	改新	かいしん	n	reformation	5845	? tân	cải cách, đổi mới
新	革新	かくしん	n	reform; innovation	6081	? tân	cách tân, đổi mới
新	謹賀新年	きんがしんねん	exp	Happy New Year	7312	cẩn hạ tân nên	cung chúc tân xuân
新	更新	こうしん	n	renewal; update; replacement; renovation; breaking (a record)	8570	canh tân	cập nhật, gia hạn
新	最新	さいしん	n	latest; newest; late-breaking (news)	9105	tối tân	mới nhất
人	あの人	あのひと	pn	he; she; that person	10	nhân	người đó, anh ấy / chị ấy
人	アメリカ人	アメリカじん	n	American (person)	570	nhân	người Mỹ
人	愛人	あいじん	n	lover; mistress	4555	? nhân	người yêu, nhân tình
人	悪人	あくにん	n	bad person; villain; scoundrel; wrongdoer; wicked person	4576	? nhân	kẻ xấu, kẻ ác
人	偉人	いじん	n	great person; eminent figure	4660	vĩ nhân	vĩ nhân
人	一人で	ひとりで	exp	alone; by oneself; on one's own	4874	nhất nhân	một mình
人	一人前	いちにんまえ	n	one portion; one serving; one person	4875	nhất nhân tiền	một suất, đủ tư cách (người lớn)
人	一人息子	ひとりむすこ	n	only son	4876	nhất nhân tức tí	con trai một
水	飲料水	いんりょうすい	n	drinking water	5034	ẩm liệu thuỷ	nước uống
水	汚水	おすい	n	filthy water; sewage	5265	? thuỷ	nước bẩn, nước thải
水	下水	げすい	n	drainage; ditch; gutter; sewerage	5434	hạ thuỷ	nước thải
水	下水道	げすいどう	n	sewer; sewer system; sewerage; drain	5435	hạ thuỷ đạo	hệ thống cống
水	海水	かいすい	n	seawater; saltwater	5872	hải thuỷ	nước biển
水	海水浴	かいすいよく	n	swimming in the ocean; sea bathing; seawater bath; going for a dip in the ocean	5873	hải thuỷ ?	tắm biển
水	海水浴場	かいすいよくじょう	n	swimming area (in the ocean); swimming beach; seawater baths	5874	hải thuỷ ? trường	bãi tắm biển
水	渇水	かっすい	n	water shortage	6171	? thuỷ	thiếu nước
生	お誕生日おめでとうございます	おたんじょうびおめでとうございます	exp	happy birthday	83	? sinh nhật	chúc mừng sinh nhật
生	一生懸命	いっしょうけんめい	adv	very hard; with utmost effort; as hard as one can; with all one's might; for dear life; eagerly; desperately	4881	nhất sinh ? mệnh	hết sức, dốc lòng
生	一年生	いちねんせい	n	first-year student; first-year pupil	4925	nhất nên sinh	học sinh năm nhất
生	衛生	えいせい	n	hygiene; sanitation; cleanliness; health	5155	vệ sinh	vệ sinh
生	往生	おうじょう	n	passing on to the next life	5280	vãng sinh	qua đời, vãng sinh
生	芽生え	めばえ	n	bud; sprout	5723	? sinh	mầm non, sự nảy mầm
生	回生	かいせい	n	resurrection; resuscitation; coming back to life	5791	hồi sinh	hồi sinh
生	学生	がくせい	n	student (esp. a university student)	6103	? sinh	học sinh, sinh viên
西	関西	かんさい	n	Kansai (region comprising Kyoto, Osaka, Kobe and surrounding prefectures)	6437	? tây	vùng Kansai
西	関西弁	かんさいべん	n	Kansai dialect	6438	? tây ?	tiếng Kansai
西	西	にし	n	west	12141	tây	tây
西	西ドイツ	にしドイツ	n	West Germany (1949-1990); Federal Republic of Germany	12142	tây	Tây Đức
西	西瓜	すいか	n	watermelon (Citrullus lanatus)	12143	tây qua	dưa hấu
西	西欧	せいおう	n	Western Europe	12144	tây ?	Tây Âu
西	西口	にしぐち	n	west entrance; west exit	12145	tây khẩu	cửa tây
西	西側	にしがわ	n	west side; west bank	12146	tây trắc	phía tây
先	お先に	おさきに	adv	before; previously	75	tiên	xin phép đi trước
先	ペン先	ペンさき	n	pen nibs	3633	tiên	ngòi bút
先	勤め先	つとめさき	n	place of work	7276	cần tiên	nơi làm việc
先	軒先	のきさき	n	edge of the eaves; house frontage	7962	hiên tiên	hiên nhà, đầu hồi
先	口先	くちさき	n	lip service; mere words; professions	8462	khẩu tiên	miệng lưỡi, lời nói suông
先	行き先	いきさき	n	destination	8671	hàng tiên	đích đến
先	最先端	さいせんたん	n	cutting edge; leading edge; forefront; state of the art	9107	tối tiên đoan	tiên tiến nhất, mũi nhọn
先	指先	ゆびさき	n	fingertip; finger	9597	chỉ tiên	đầu ngón tay
千	一千	いっせん	num	1,000; one thousand	4888	nhất thiên	một nghìn
千	何千	なんぜん	n	many thousands	5497	? thiên	hàng nghìn
千	三千	さんぜん	num	3000; three thousand	9314	tam thiên	ba nghìn
千	数千	すうせん	n	thousands; several thousand	11863	? thiên	hàng nghìn
千	千	せん	num	thousand; 1,000	12378	thiên	nghìn
千	千円札	せんえんさつ	n	1,000 yen bill	12380	thiên ? trát	tờ 1000 yên
千	千秋楽	せんしゅうらく	n	final day of a performance; closing date; final show	12381	thiên thu ?	ngày diễn cuối
千	千切る	ちぎる	v5r	to tear to pieces; to tear to shreds; to tear up	12382	thiên thiết	xé vụn, xé nhỏ
川	河川	かせん	n	rivers	5615	hà xuyên	sông ngòi
川	山川	さんせん	n	mountains and rivers	9360	sơn xuyên	núi sông
川	小川	おがわ	n	stream; brook; creek	11005	tiểu xuyên	suối nhỏ
川	川	かわ	n	river; stream	12414	xuyên	sông
川	川沿い	かわぞい	adj-no	along the river; riverside	12415	xuyên duyên	dọc bờ sông
川	川下	かわしも	n	downstream	12416	xuyên hạ	hạ lưu
川	川岸	かわぎし	n	riverbank; riverside	12417	xuyên ngàn	bờ sông
川	川上	かわかみ	n	upper reaches of a river; upstream	12418	xuyên thượng	thượng nguồn
前	お前	おまえ	pn	you	76	tiền	mày, ngươi (xưng hô thân mật)
前	以前	いぜん	n-suf	before; prior to; ago	4648	? tiền	trước đây, trước kia
前	一人前	いちにんまえ	n	one portion; one serving; one person	4875	nhất nhân tiền	một suất, đủ tư cách (người lớn)
前	駅前	えきまえ	n	in front of a station	5167	? tiền	trước ga
前	気前	きまえ	n	generosity	6664	? tiền	hào phóng
前	紀元前	きげんぜん	n	pre-era; BC; BCE	6689	kỉ nguyên tiền	trước Công nguyên
前	空前	くうぜん	adj-no	unprecedented; record-breaking	7444	không tiền	chưa từng có, vô tiền khoáng hậu
前	午前	ごぜん	n	morning; a.m.	8224	ngọ tiền	sáng, buổi sáng
足	一足	いっそく	n	a pair (of shoes or socks)	4894	nhất túc	một đôi (giày, tất)
足	一足	ひとあし	n	a step	4895	nhất túc	một đôi (giày, tất)
足	右足	みぎあし	n	right foot	5055	hữu túc	chân phải
足	運動不足	うんどうぶそく	n	lack of physical exercise; insufficient exercise; inactivity	5103	vận động bất túc	thiếu vận động
足	遠足	えんそく	n	school trip; field trip; excursion; outing	5249	viễn túc	dã ngoại, đi chơi xa
足	駆け足	かけあし	n	running fast; double time	7412	? túc	chạy nhanh, chạy bộ
足	左足	ひだりあし	n	left foot	9005	tả túc	chân trái
足	手足	てあし	n	hands and feet; limbs	10297	thủ túc	tay chân
多	過多	かた	n	excess; surplus; superabundance	5693	quá đa	quá nhiều, dư thừa
多	数多く	かずおおく	exp	in great numbers	11864	? đa	rất nhiều, đông đảo
多	多	た	n	multi-	13002	đa	đa, nhiều
多	多い	おおい	adj-i	many; numerous; a lot	13003	đa	nhiều
多	多寡	たか	n	degree (of something); greatness or smallness (of something); quantity; number; amount; size	13004	đa quả	nhiều ít
多	多額	たがく	adj-no	large (amount of money); huge; hefty; expensive	13005	đa ngạch	số lớn (tiền)
多	多岐	たき	adj-no	diverse; various; wide-ranging	13006	đa ?	đa dạng, nhiều mặt
多	多元的	たげんてき	adj-na	pluralistic; plural	13007	đa nguyên đích	đa nguyên
大	お大事に	おだいじに	exp	take care of yourself; get well soon	81	đại sự	giữ gìn sức khỏe, mau khỏe
大	偉大	いだい	adj-na	great; grand; magnificent; outstanding; mighty	4661	vĩ đại	vĩ đại
大	医大	いだい	n	medical university; medical college; medical school	4789	? đại	đại học y
大	一大	いちだい	n-pref	one large ...; a great ...	4903	nhất đại	một (sự kiện) lớn
大	過大	かだい	adj-na	excessive; too much; unreasonable	5694	quá đại	quá đáng, quá mức
大	拡大	かくだい	n	expansion; extension	6025	? đại	mở rộng
大	寛大	かんだい	adj-na	tolerant; generous; lenient; broad-minded; magnanimous	6260	? đại	khoan dung, độ lượng
大	巨大	きょだい	adj-na	huge; gigantic; enormous	6997	? đại	khổng lồ
男	一男	いちなん	n	boy; eldest son	4909	nhất nam	con trai cả
男	三男	さんなん	n	three sons	9316	tam nam	con trai thứ ba (hoặc ba đứa con trai)
男	次男	じなん	n	second son	9868	thứ nam	con trai thứ hai
男	大男	おおおとこ	n	big man; large man; tall man; giant	13285	đại nam	người đàn ông to lớn
男	男	おとこ	n	man; male	13498	nam	đàn ông, nam giới
男	男の子	おとこのこ	exp	boy; son; baby boy	13499	nam tí	con trai, bé trai
男	男の人	おとこのひと	exp	man	13500	nam nhân	người đàn ông
男	男らしい	おとこらしい	adj-i	manly; masculine; like a man	13501	nam	nam tính
中	お話中	おはなしちゅう	adj-no	busy (phone)	95	thoại trung	đang bận điện thoại
中	アル中	アルちゅう	n	alcoholism	591	trung	nghiện rượu
中	一日中	いちにちじゅう	adv	all day long; all the day; throughout the day	4922	nhất nhật trung	suốt cả ngày
中	一年中	いちねんじゅう	n	all year round	4926	nhất nên trung	quanh năm
中	渦中	かちゅう	n	vortex; maelstrom; whirlpool	5081	? trung	xoáy nước, vòng xoáy (sự việc)
中	懐中電灯	かいちゅうでんとう	n	(electric) torch; flashlight	5831	? trung ? đăng	đèn pin
中	海中	かいちゅう	n	in the sea	5878	hải trung	dưới biển, trong biển
中	寒中	かんちゅう	n	mid-winter; cold season	6215	hàn trung	giữa mùa đông
長	ト長調	トちょうちょう	n	G major	2565	trường điều	giọng Sol trưởng
長	委員長	いいんちょう	n	chairperson (of a committee); chair; chairman; chairwoman; president	4669	uỷ viên trường	chủ tịch ủy ban
長	医長	いちょう	n	medical director; chief physician	4790	? trường	bác sĩ trưởng
長	院長	いんちょう	n	director (of a hospital, institution, academy, etc.); superintendent; rector	5035	viện trường	viện trưởng, giám đốc bệnh viện
長	駅長	えきちょう	n	station master	5168	? trường	trưởng ga
長	園長	えんちょう	n	head of a garden; kindergarten principal; nursery school principal; park director; zoo director; head of a plantation	5192	viên trường	chủ vườn, hiệu trưởng (mầm non)
長	延長	えんちょう	n	extension; elongation; prolongation; lengthening	5199	dang trường	gia hạn, kéo dài
長	課長	かちょう	n	section manager; section chief	5676	khoá trường	trưởng phòng (cấp khoa)
天	お天気	おてんき	n	weather	86	thiên ?	thời tiết
天	悪天候	あくてんこう	n	bad weather	4578	? thiên hầu	thời tiết xấu
天	雨天	うてん	n	rainy weather	5075	? thiên	trời mưa
天	炎天	えんてん	n	blazing heat; scorching sun	5226	viêm thiên	trời nắng gắt
天	楽天家	らくてんか	n	optimist; easy-going person	6133	? thiên gia	người lạc quan
天	楽天的	らくてんてき	adj-na	optimistic	6134	? thiên đích	lạc quan
天	仰天	ぎょうてん	n	being amazed; being horrified; being taken aback	7225	ngưỡng thiên	ngạc nhiên, sửng sốt
天	後天的	こうてんてき	adj-na	acquired (e.g. characteristic); learned (e.g. behaviour)	8253	hậu thiên đích	hậu thiên, học được
店	飲食店	いんしょくてん	n	restaurant	5032	ẩm ? điếm	quán ăn, nhà hàng
店	開店	かいてん	n	opening a new shop	5934	khai điếm	khai trương
店	喫茶店	きっさてん	n	coffee shop; tearoom; coffee lounge; coffeehouse; cafe	6826	khịt trà điếm	quán cà phê
店	支店	してん	n	branch office; branch store	9617	chi điếm	chi nhánh
店	書店	しょてん	n	bookshop; bookstore	10861	thư điếm	hiệu sách
店	商店	しょうてん	n	shop; store; firm	10955	thương điếm	cửa hàng
店	商店街	しょうてんがい	n	shopping district; shopping street; downtown	10956	thương điếm ?	khu phố mua sắm
店	専門店	せんもんてん	n	specialist shop; shop specializing in a particular type of product	12412	? môn điếm	cửa hàng chuyên dụng
電	家電	かでん	n	household (electrical) appliances; home appliances; consumer electronics	5578	gia ?	đồ điện gia dụng
電	懐中電灯	かいちゅうでんとう	n	(electric) torch; flashlight	5831	? trung ? đăng	đèn pin
電	外電	がいでん	n	foreign telegram	5978	ngoại ?	điện tín nước ngoài
電	乾電池	かんでんち	n	dry cell battery	6208	kiền ? trì	pin khô
電	携帯電話	けいたいでんわ	n	mobile phone; cell phone	7578	? ? ? thoại	điện thoại di động
電	公衆電話	こうしゅうでんわ	n	public telephone; pay phone	8391	công ? ? thoại	điện thoại công cộng
電	終電	しゅうでん	n	last train (of the day)	10478	chung ?	chuyến tàu cuối ngày
電	充電	じゅうでん	n	charging (electrically)	10540	sung ?	sạc điện
土	お土産	おみやげ	n	local specialty or souvenir bought as a gift while traveling (travelling)	87	thổ sản	quà lưu niệm
土	郷土	きょうど	n	native place; birth-place; one's old home	7210	? thổ	quê hương
土	国土	こくど	n	country; territory; domain; realm	8865	? thổ	lãnh thổ, đất nước
土	出土	しゅつど	n	archeological excavation (archaeological)	10699	xuất thổ	khai quật, đào lên
土	浄土	じょうど	n	pure land (esp. the Western Pure Land paradise of Amitabha); (Buddhist) paradise	11271	? thổ	tịnh độ, cõi cực lạc
土	全土	ぜんど	n	whole nation; whole land; whole country	12594	toàn thổ	toàn quốc, toàn lãnh thổ
土	土	つち	n	earth; soil; dirt; clay; mud	14365	thổ	đất
土	土間	どま	n	dirt floor; room with dirt floor	14366	thổ gian	nền đất, sàn đất
東	関東	かんとう	n	Kantō (region comprising Tokyo and surrounding prefectures)	6442	? đang	vùng Kanto
東	極東	きょくとう	n	Far East	7263	cực đang	Viễn Đông
東	広東	カントン	n	Guangdong (China); Kwangtung	8533	? đang	Quảng Đông
東	中東	ちゅうとう	n	Middle East	13691	trung đang	Trung Đông
東	東	ひがし	n	east	14445	đang	đông
東	東欧	とうおう	n	Eastern Europe	14446	đang ?	Đông Âu
東	東海	とうかい	n	Tōkai region (of Honshu; incl. Aichi, Shizuoka, Mie and southern Gifu prefectures)	14447	đang hải	vùng Tokai
東	東宮	とうぐう	n	crown prince	14448	đang ?	thái tử
道	沿道	えんどう	n	roadside; wayside; route	5209	duyên đạo	ven đường
道	横断歩道	おうだんほどう	n	pedestrian crossing; crosswalk	5316	hoạnh đoạn ? đạo	vạch sang đường, lối đi bộ
道	横道	よこみち	n	byway; side street; cross street	5319	hoạnh đạo	đường rẽ ngang, đường tắt
道	下水道	げすいどう	n	sewer; sewer system; sewerage; drain	5435	hạ thuỷ đạo	hệ thống cống
道	花道	はなみち	n	elevated walkway through the audience to the stage	5650	hoa đạo	lối đi qua khán đài (sân khấu)
道	回り道	まわりみち	n	detour; circuitous route; diversion	5783	hồi đạo	đường vòng
道	街道	かいどう	n	highway (esp. one existing from the Edo period); main road	6007	? đạo	đường lớn, quốc lộ
道	寄り道	よりみち	n	dropping in on the way; stopping off at; making a side trip	6549	gửi đạo	rẽ vào, ghé qua
読	愛読	あいどく	n	reading with pleasure	4556	? ?	ưa đọc, mê đọc
読	音読	おんどく	n	reading aloud	5398	âm ?	đọc to, đọc thành tiếng
読	音読み	おんよみ	n	on reading; on'yomi; Chinese-derived reading of a kanji	5399	âm ?	âm đọc kiểu Hán (on-yomi)
読	解読	かいどく	n	deciphering; decoding	5772	giải ?	giải mã
読	句読点	くとうてん	n	punctuation mark	7375	câu ? điểm	dấu câu
読	訓読み	くんよみ	n	kun reading; kun'yomi; native Japanese reading of a Chinese character	7494	huấn ?	âm đọc kiểu Nhật (kun-yomi)
読	購読	こうどく	n	buying and reading (book, magazine, etc.); subscribing (incl. free subscriptions); taking (e.g. newspaper)	8701	? ?	mua đọc, đặt mua (báo, tạp chí)
読	読み	よみ	n	reading	14760	?	cách đọc
南	西南	せいなん	n	south-west	12147	tây nam	tây nam
南	中南米	ちゅうなんべい	n	Central and South America	13695	trung nam ?	Trung và Nam Mỹ
南	東南	とうなん	n	south-east	14454	đang nam	đông nam
南	南	みなみ	n	south	14848	nam	nam
南	南アフリカ	みなみアフリカ	n	South Africa	14849	nam	Nam Phi
南	南緯	なんい	n	southern latitude	14850	nam vĩ	vĩ độ nam
南	南海	なんかい	n	southern sea	14851	nam hải	biển nam
南	南極	なんきょく	n	South Pole	14852	nam cực	Nam Cực
二	一石二鳥	いっせきにちょう	exp	killing two birds with one stone	4886	nhất thạch nhì điểu	một mũi tên trúng hai đích
二	十二	じゅうに	num	twelve; 12	10553	thập nhì	mười hai
二	十二月	じゅうにがつ	n	December	10554	thập nhì nguyệt	tháng Mười Hai
二	十二分	じゅうにぶん	adj-na	more than enough; more than ample; exhaustive	10555	thập nhì phân	quá đủ, dư dả
二	真っ二つ	まっぷたつ	n	in two equal parts	11530	chân nhì	chia đôi đều nhau
二	第二	だいに	n	second	13320	đậy nhì	thứ hai
二	二	に	num	two; 2	14880	nhì	hai
二	二つ	ふたつ	num	two	14881	nhì	hai (cái)
日	お誕生日おめでとうございます	おたんじょうびおめでとうございます	exp	happy birthday	83	? sinh nhật	chúc mừng sinh nhật
日	一日中	いちにちじゅう	adv	all day long; all the day; throughout the day	4922	nhất nhật trung	suốt cả ngày
日	何日	なんにち	n	what day	5503	? nhật	ngày nào, mấy ngày
日	火曜日	かようび	n	Tuesday	5632	hoả ? nhật	thứ Ba
日	幾日	いくにち	n	(for) how many days	6566	? nhật	mấy ngày, bao nhiêu ngày
日	期日	きじつ	n	fixed date; appointed date; set date	6590	kì nhật	hạn cuối, ngày hẹn
日	記念日	きねんび	n	memorial day; commemoration day; anniversary	6711	kí niệm nhật	ngày kỷ niệm
日	休日	きゅうじつ	n	holiday; day off	6885	hưu nhật	ngày nghỉ
入	押し入る	おしいる	v5r	to push in; to force into; to break in (e.g. into a house); to intrude	5300	áp nhập	đột nhập, xông vào
入	加入	かにゅう	n	joining (a club, organization, etc.); becoming a member; entry; admission; subscription; affiliation; signing (e.g. a treaty); taking out (insurance)	5526	gia nhập	gia nhập, tham gia
入	嫁入り	よめいり	n	marriage; wedding	5551	giá nhập	về nhà chồng
入	介入	かいにゅう	n	intervention	5730	giới nhập	can thiệp
入	刈り入れ	かりいれ	n	harvest	6201	? nhập	mùa gặt, thu hoạch
入	気に入る	きにいる	exp	to like; to be pleased with; to be delighted with; to take a liking to; to suit one's fancy	6633	? nhập	thích, ưng ý
入	記入	きにゅう	n	entry (in a form, register, diary, etc.); filling in; filling out	6709	kí nhập	điền vào, ghi vào
入	逆輸入	ぎゃくゆにゅう	n	reimportation; reimport; reverse import; importing back	6861	nghịch thâu nhập	nhập khẩu ngược lại
年	一周年	いっしゅうねん	n	one full year	4862	nhất chu nên	tròn một năm
年	一年間	いちねんかん	n	(period of) one year	4924	nhất nên gian	suốt một năm
年	一年生	いちねんせい	n	first-year student; first-year pupil	4925	nhất nên sinh	học sinh năm nhất
年	一年中	いちねんじゅう	n	all year round	4926	nhất nên trung	quanh năm
年	越年	えつねん	n	seeing the old year out; greeting the New Year; passing the winter; hibernation	5175	việt nên	đón năm mới, qua năm
年	往年	おうねん	n	years gone by; earlier years; former years; the past	5281	vãng nên	năm xưa, ngày xưa
年	何年	なんねん	n	how many years; how long	5504	? nên	mấy năm, năm nào
年	会計年度	かいけいねんど	n	fiscal year	5739	hội kể nên độ	năm tài chính
買	購買	こうばい	n	procurement; purchase; buying	8703	? mãi	mua sắm, mua vào
買	購買力	こうばいりょく	n	buying power; purchasing power	8704	? mãi lực	sức mua
買	青田買い	あおたがい	n	speculatively buying a rice harvest, while the fields are still green	12173	thanh điền mãi	đặt mua trước (lúa còn xanh)
買	仲買	なかがい	n	brokerage; broker	13712	? mãi	môi giới
買	買取	かいとり	n	purchase; buying; buying out	15286	mãi thủ	mua lại, thu mua
買	買い出し	かいだし	n	going out to shop; going shopping	15287	mãi xuất	đi mua sắm, đi chợ
買	買い入れる	かいいれる	v1	to purchase; to buy in	15288	mãi nhập	mua vào, nhập về
買	買う	かう	v5u	to buy; to purchase	15289	mãi	mua
白	明白	めいはく	adj-na	obvious; clear; plain; evident; apparent; explicit; overt	4	minh bạch	rõ ràng, hiển nhiên
白	空白	くうはく	n	blank space (in a document)	7451	không bạch	khoảng trống (trong văn bản)
白	潔白	けっぱく	n	innocence; guiltlessness; purity; uprightness; integrity	7740	khiết bạch	trong sạch, vô tội
白	紅白	こうはく	n	red and white; colours for festive or auspicious occasions (colors)	8629	hồng bạch	đỏ trắng (màu lễ hội)
白	告白	こくはく	n	confession (to a crime, wrongdoing, etc.); admission	8830	? bạch	thú nhận, tỏ tình
白	自白	じはく	n	confession; admission	9940	tự bạch	thú tội
白	青白い	あおじろい	adj-i	pale; pallid	12176	thanh bạch	xanh xao, tái nhợt
白	白	しろ	n	white	15329	bạch	trắng
八	三十八度線	さんじゅうはちどせん	n	38th parallel (that demarcates North Korea and South Korea)	9309	tam thập bát độ ?	vĩ tuyến 38
八	尺八	しゃくはち	n	shakuhachi; end-blown fippleless bamboo flute	10158	xích bát	sáo trúc shakuhachi
八	十八	じゅうはち	num	eighteen; 18	10557	thập bát	mười tám
八	八つ当たり	やつあたり	n	venting one's anger (on someone or something); taking out one's anger on	15382	bát ?	trút giận lên người khác
八	八月	はちがつ	n	August	15383	bát nguyệt	tháng Tám
八	八重桜	やえざくら	n	double-flowered cherry tree; double cherry blossoms	15384	bát trọng ?	hoa anh đào kép
八	八千代	やちよ	n	very long period; forever	15385	bát thiên đại	muôn đời, ngàn năm
八	八日	ようか	n	8th day of the month	15386	bát nhật	ngày mùng 8
半	過半数	かはんすう	n	majority	5701	quá bán ?	đa số, quá bán
半	後半	こうはん	n	second half; latter half	8258	hậu bán	nửa sau
半	四畳半	よじょうはん	n	four and a half tatami mats; four-and-a-half-mat room	9502	tứ ? bán	phòng 4 chiếu rưỡi
半	四半期	しはんき	n	quarter (of a year)	9504	tứ bán kì	quý (3 tháng)
半	上半期	かみはんき	n	first half of the year; first half of the fiscal year	11198	thượng bán kì	nửa đầu năm
半	上半身	じょうはんしん	n	upper half of the body; upper body	11199	thượng bán thân	nửa thân trên
半	折半	せっぱん	n	halving; splitting evenly; sharing equally	12292	chiết bán	chia đôi
半	前半戦	ぜんはんせん	n	first half of a game; first half of a match	12549	tiền bán ?	hiệp một
百	何百	なんびゃく	n	hundreds	5506	? bá	hàng trăm
百	三百	さんびゃく	num	300; three hundred	9319	tam bá	ba trăm
百	数百	すうひゃく	n	several hundred; hundreds (of)	11868	? bá	hàng trăm
百	二百十日	にひゃくとおか	n	210th day (from the first day of spring according to the lunar calendar); the storm day	14906	nhì bá thập nhật	ngày 210 (mùa bão)
百	二百二十日	にひゃくはつか	n	220th day; end of the storm period	14907	nhì bá nhì thập nhật	ngày 220 (cuối mùa bão)
百	八百屋	やおや	n	greengrocer; fruit and vegetable shop	15387	bát bá ốc	tiệm rau quả
百	百	ひゃく	num	hundred; 100	15746	bá	trăm
百	百億	ひゃくおく	num	10,000,000,000; ten billion	15747	bá ức	mười tỷ
父	お祖父さん	おじいさん	n	grandfather	77	? ?	ông
父	お父さん	おとうさん	n	father; dad; papa; pa; pop; daddy; dada	90	?	bố, cha
父	義父	ぎふ	n	father-in-law	6797	nghĩa ?	bố vợ, bố chồng, bố nuôi
父	神父	しんぷ	n	Catholic priest; abbe; reverend father; minister; padre	11571	thần ?	linh mục
父	親父	おやじ	n	one's father; one's old man; dad; pops	11597	thân ?	bố, ông già (gọi thân mật)
父	祖父	そふ	n	grandfather	12630	? ?	ông nội, ông ngoại
父	祖父母	そふぼ	n	grandparents	12631	? ? mẫu	ông bà
父	父	ちち	n	father	16020	?	cha, bố
分	一部分	いちぶぶん	n	one part; one portion; one section	4945	nhất bộ phân	một phần
分	一分	いちぶ	n	one tenth; one hundredth; one percent; one tenth of a sun; one quarter ryō (an old coin)	4947	nhất phân	một phần mười, một phần trăm
分	引き分け	ひきわけ	n	draw (in competition); tie game	5012	dẫn phân	hòa (trận đấu)
分	塩分	えんぶん	n	salt; salt content	5259	? phân	muối, độ mặn
分	応分	おうぶん	adj-na	according to one's abilities; appropriate; reasonable	5293	? phân	tùy theo khả năng, phù hợp
分	仮処分	かりしょぶん	n	provisional disposition; temporary injunction	5462	? ? phân	lệnh tạm thời
分	何分	なにぶん	n	some; any; (a) little; of some kind; of some sort	5507	? phân	dù sao, có phần
分	何分	なんぷん	n	what minute; how many minutes	5508	? phân	dù sao, có phần
聞	スポーツ新聞	スポーツしんぶん	n	sports newspaper	2064	tân ?	báo thể thao
聞	見聞	けんぶん	n	information; experience; knowledge; observation	7948	kiến ?	kiến văn, hiểu biết
聞	醜聞	しゅうぶん	n	scandal	10521	xấu ?	bê bối
聞	新聞	しんぶん	n	newspaper	11491	tân ?	báo (tin tức)
聞	新聞紙	しんぶんし	n	newsprint; newspaper used for wrapping, packing, etc.	11492	tân ? chỉ	giấy báo
聞	新聞社	しんぶんしゃ	n	newspaper company	11493	tân ? xã	tòa soạn báo
聞	前代未聞	ぜんだいみもん	n	unheard-of; unprecedented; unparalleled in history (unparallelled); record-breaking	12539	tiền đại mùi ?	chưa từng nghe, chưa từng có
聞	聞かす	きかす	v5s	to let (someone) hear; to tell (e.g. a story); to inform (of)	16294	?	cho nghe, kể (chuyện)
母	お祖母さん	おばあさん	n	grandmother	78	? mẫu	bà
母	お母さん	おかあさん	n	mother; mom; mum; ma	93	mẫu	mẹ
母	義母	ぎぼ	n	mother-in-law	6798	nghĩa mẫu	mẹ vợ, mẹ chồng, mẹ nuôi
母	空母	くうぼ	n	aircraft carrier	7453	không mẫu	tàu sân bay
母	賢母	けんぼ	n	wise mother	7959	hiền mẫu	hiền mẫu
母	航空母艦	こうくうぼかん	n	aircraft carrier	8659	hàng không mẫu ?	tàu sân bay
母	酵母	こうぼ	n	yeast; leaven	8707	? mẫu	men, men nở
母	聖母	せいぼ	n	mother of a holy person	12124	thánh mẫu	Đức Mẹ, thánh mẫu
北	東北	とうほく	n	north-east	14458	đang ?	đông bắc
北	南北	なんぼく	n	north and south; north to south	14858	nam ?	bắc nam
北	敗北	はいぼく	n	defeat; loss; reverse; setback	15238	bại ?	thua cuộc, bại trận
北	北	きた	n	north	16747	?	bắc
北	北北東	ほくほくとう	n	north-northeast; north-north-east	16748	? ? đang	đông bắc bắc
北	北アイルランド	きたアイルランド	n	Northern Ireland	16749	?	Bắc Ireland
北	北緯	ほくい	n	north latitude	16750	? vĩ	vĩ độ bắc
北	北欧	ほくおう	n	Northern Europe; Nordic countries; Scandinavia	16751	? ?	Bắc Âu
本	一本	いっぽん	n	one long cylindrical thing; one film, TV show, etc.; one goal, home run, etc.; one telephone call	4956	nhất bản	một (cây, chai, cuộc gọi)
本	絵本	えほん	n	picture book	5905	? bản	sách tranh
本	基本	きほん	n	basics; fundamentals; basis; foundation	6534	cơ bản	cơ bản, nền tảng
本	基本的	きほんてき	adj-na	fundamental; basic	6535	cơ bản đích	mang tính cơ bản
本	脚本	きゃくほん	n	script; screenplay; scenario	6846	? bản	kịch bản
本	見本	みほん	n	sample; specimen; pattern	7952	kiến bản	mẫu, hàng mẫu
本	見本市	みほんいち	n	trade fair	7953	kiến bản thị	hội chợ triển lãm
本	本	もと	n	origin; source; beginning	7973	bản	gốc, nguồn gốc
毎	毎	ごと	n	each; every	16879	?	mỗi
毎	毎	まい	pref	every (usu. with events, e.g. every weekend); each	16880	?	mỗi
毎	毎に	ごとに	exp	one by one; each; every; at intervals of	16881	?	mỗi, từng
毎	毎回	まいかい	n	every time; each round	16882	? hồi	mỗi lần
毎	毎時	まいじ	n	every hour; hourly	16883	? thì	mỗi giờ
毎	毎週	まいしゅう	n	every week	16884	? chu	mỗi tuần
毎	毎朝	まいあさ	n	every morning	16885	? triều	mỗi sáng
毎	毎度	まいど	adv	each time; every time; always; often	16886	? độ	mỗi lần (luôn luôn)
万	１０万	じゅうまん	num	100,000; hundred thousand	10559	vạn	một trăm nghìn
万	波乱万丈	はらんばんじょう	adj-no	stormy and full of drama; full of ups and downs; with many vicissitudes	15186	ba loạn vạn trượng	đầy thăng trầm, sóng gió
万	１００万	ひゃくまん	num	1,000,000; one million; million	15751	vạn	một triệu
万	万が一	まんがいち	adv	(if) by some chance; by some possibility; in the unlikely event that; 10000 to 1	16912	vạn nhất	lỡ như, nhỡ ra
万	万一	まんいち	n	(unlikely event of) emergency; the worst(-case scenario); 10000 to 1	16913	vạn nhất	trường hợp khẩn cấp
万	万引き	まんびき	n	shoplifting; shoplifter	16914	vạn dẫn	trộm vặt (trong cửa hàng)
万	万国	ばんこく	n	all countries; the whole world; universal; all nations	16915	vạn ?	muôn nước, toàn cầu
万	万事	ばんじ	n	all; everything	16916	vạn sự	mọi việc, tất cả
名	異名	いみょう	n	another name; nickname; alias	4726	? danh	biệt danh
名	汚名	おめい	n	bad name; bad reputation; disgrace; dishonour; dishonor; stigma; infamy	5270	? danh	tai tiếng, ô danh
名	仮名遣い	かなづかい	n	kana orthography; syllabary spelling	5467	? danh khiến	cách viết kana
名	改名	かいめい	n	name change	5857	? danh	đổi tên
名	芸名	げいめい	n	stage name	7676	? danh	nghệ danh
名	功名	こうみょう	n	great achievement; glorious deed; (gaining) fame; (earning) distinction	8428	công danh	công danh, thành tích
名	国名	こくめい	n	country name	8881	? danh	tên nước
名	指名	しめい	n	naming; nominating; designating	9603	chỉ danh	chỉ định, đề cử
木	荒木	あらき	n	logs in bark; rough wood; unseasoned timber; new lumber	8669	hoang mộc	gỗ thô, gỗ chưa xử lý
木	黒木	くろき	n	unbarked lumber	8906	? mộc	gỗ chưa bóc vỏ
木	材木	ざいもく	n	wood (for building); lumber; timber	9199	? mộc	gỗ xây dựng
木	雑木林	ぞうきばやし	n	grove of miscellaneous trees; copse; coppice; thicket	9295	? mộc lâm	rừng cây tạp
木	樹木	じゅもく	n	tree; trees and shrubs	10404	thụ mộc	cây cối
木	植木鉢	うえきばち	n	flowerpot; plant pot	11303	thực mộc ?	chậu cây
木	大木	たいぼく	n	large tree	13309	đại mộc	cây lớn
木	庭木	にわき	n	garden tree	14094	đình mộc	cây vườn
目	一目	ひとめ	n	glance; look; glimpse	4962	nhất mục	một cái nhìn, liếc qua
目	引け目	ひけめ	n	sense of inferiority; one's weak point	5018	dẫn mục	mặc cảm, điểm yếu
目	羽目	はめ	n	panel; wainscoting; wainscotting	5069	võ mục	tấm ván tường
目	演目	えんもく	n	program (musical, concert, theatrical, etc.); programme	5222	diễn mục	tiết mục
目	横目	よこめ	n	sidelong glance	5324	hoạnh mục	liếc nhìn (từ bên cạnh)
目	回目	かいめ	suf	nth time	5799	hồi mục	lần thứ ...
目	皆目	かいもく	adv	entirely; (not) at all	5897	giai mục	hoàn toàn (không), một chút cũng không
目	境目	さかいめ	n	borderline; boundary	7109	cảnh mục	ranh giới
友	学友	がくゆう	n	school friend	6115	? hữu	bạn học
友	血友病	けつゆうびょう	n	hemophilia; haemophilia	7773	huyết hữu bệnh	bệnh máu khó đông
友	交友	こうゆう	n	friend; companion; acquaintance	8342	giao hữu	bạn bè, kết giao
友	親友	しんゆう	n	close friend; bosom friend; buddy; crony; chum	11602	thân hữu	bạn thân
友	盟友	めいゆう	n	sworn friend	17166	? hữu	bạn thề
友	友	とも	n	friend; companion; comrade; pal	17421	hữu	bạn, đồng chí
友	友愛	ゆうあい	n	fraternity; friendship	17422	hữu ?	tình bạn, tình huynh đệ
友	友好	ゆうこう	n	friendship	17423	hữu háo	hữu nghị
来	ことが出来る	ことができる	exp	to be able (to); to be possible (to)	165	xuất ?	có thể (làm được)
来	やって来る	やってくる	exp	to come along; to come around; to turn up	444	?	đến, xuất hiện
来	以来	いらい	n-suf	since; henceforth	4650	? ?	kể từ
来	往来	おうらい	n	coming and going; traffic	5283	vãng ?	đi lại, qua lại
来	家来	けらい	n	retainer; vassal; follower	5581	gia ?	gia thần, người hầu
来	外来	がいらい	adj-no	foreign; imported	5990	ngoại ?	đến từ bên ngoài, ngoại lai
来	外来語	がいらいご	n	loanword (in Japanese, esp. one of Western origin); word of foreign origin	5991	ngoại ? ngữ	từ ngoại lai
来	旧来	きゅうらい	adj-no	traditional; from ancient times; formerly	6974	? ?	từ xưa, truyền thống
立	王立	おうりつ	adj-no	royal (institution)	5345	vương lập	thuộc hoàng gia
立	確立	かくりつ	n	establishment; settlement	6060	xác lập	thiết lập, xác lập
立	顔立ち	かおだち	n	looks; features	6494	nhan lập	đường nét khuôn mặt
立	起立	きりつ	n	standing up	6737	khởi lập	đứng dậy
立	逆立ち	さかだち	n	handstand; headstand	6862	nghịch lập	trồng cây chuối
立	共立	きょうりつ	n	joint; common	7087	cộng lập	đồng sáng lập, chung
立	建立	こんりゅう	n	(act of) building (temple, monument, etc.); erection	7844	kiến lập	xây dựng (đền, đài)
立	献立	こんだて	n	menu; bill of fare	7881	hiến lập	thực đơn
六	十六	じゅうろく	num	sixteen; 16	10561	thập lục	mười sáu
六	六月	ろくがつ	n	June	18190	lục nguyệt	tháng Sáu
六	六十四分音符	ろくじゅうしぶおんぷ	n	64th note; hemidemisemiquaver; semidemisemiquaver	18191	lục thập tứ phân âm bùa	nốt móc tư
六	六日	むいか	n	6th day of the month	18192	lục nhật	ngày mùng 6
六	六	ろく	num	six; 6	18803	lục	sáu
六	六つ	むっつ	num	six	18804	lục	sáu (cái)
六	六十	ろくじゅう	num	sixty; 60	21370	lục thập	sáu mươi
六	十六日	じゅうろくにち	n	16th day of the month	22322	thập lục nhật	ngày 16
話	お世話になる	おせわになる	exp	to receive favor; to receive assistance; to receive help; to be looked after; to be taken care of; to become dependent (on); to become much obliged (to someone); to become indebted	74	thế thoại	được giúp đỡ, được chăm sóc
話	お話中	おはなしちゅう	adj-no	busy (phone)	95	thoại trung	đang bận điện thoại
話	逸話	いつわ	n	anecdote; story; episode	4981	dật thoại	giai thoại
話	英会話	えいかいわ	n	English conversation	5142	anh hội thoại	hội thoại tiếng Anh
話	会話	かいわ	n	conversation; talk; chat	5755	hội thoại	hội thoại, trò chuyện
話	携帯電話	けいたいでんわ	n	mobile phone; cell phone	7578	? ? ? thoại	điện thoại di động
話	公衆電話	こうしゅうでんわ	n	public telephone; pay phone	8391	công ? ? thoại	điện thoại công cộng
話	懇話	こんわ	n	friendly talk; chat	8963	khấn thoại	trò chuyện thân mật
